book_id,chap_num,T00,T01,T02,T03,T04,T05,T06,T07,T08,T09,T10,T11,T12,T13,T14,T15,T16,T17,T18,T19
1,1.0,7.173601321619716e-05,7.173601317297998e-05,7.17360126558258e-05,7.173601244875033e-05,7.173601250899577e-05,7.173601255083291e-05,7.173601147782611e-05,0.4008571373321682,7.173601258523917e-05,7.173601276600164e-05,7.173601308267769e-05,7.173601147782611e-05,0.5213853856458038,7.173601304264314e-05,7.173601313570309e-05,7.173601285030488e-05,7.173601307238838e-05,7.173601262784185e-05,7.173601324452657e-05,0.07653796480611137
1,2.0,8.944544000993593e-05,8.944543996705844e-05,8.94454394579997e-05,8.944543899600033e-05,8.94454394219446e-05,8.944543983461706e-05,8.944543828270814e-05,0.9983005366357427,8.94454394671195e-05,8.944543954402831e-05,8.94454399387837e-05,8.944543828270814e-05,8.94454400845916e-05,8.944543962403684e-05,8.944543997185641e-05,8.944543859849647e-05,8.944543963398309e-05,8.944543987061574e-05,8.944544038455876e-05,8.944545288640724e-05
1,3.0,7.812500162885517e-05,7.812500163924086e-05,7.812500121257908e-05,7.812500056869651e-05,7.812500485284308e-05,7.812500115571921e-05,7.812500000006068e-05,0.9985156249729281,7.812500128902661e-05,7.812500147202692e-05,7.812500170940897e-05,7.812500000006068e-05,7.812500134664396e-05,7.812500150255259e-05,7.812500153644899e-05,7.812500063694814e-05,7.812500132612926e-05,7.812500223317772e-05,7.812500141608908e-05,7.812500154513522e-05
1,4.0,0.9984193011441408,8.319467687889755e-05,8.319467671999699e-05,8.31946763660236e-05,8.319467650129603e-05,8.31946768196558e-05,8.319467554078847e-05,8.319467721213449e-05,8.319467659309782e-05,8.319467655668648e-05,8.31946769843249e-05,8.319467554078847e-05,8.319467707170154e-05,8.319467683259086e-05,8.319467685110125e-05,8.319467626203395e-05,8.319467680240565e-05,8.31946766571667e-05,8.319467659481258e-05,8.31946770738378e-05
1,5.0,0.11711393972071517,4.424778871656349e-05,4.424778822965616e-05,4.424778798775611e-05,4.424778844742567e-05,4.424778845871241e-05,4.424778761066214e-05,0.4565061869102909,4.424778841661874e-05,4.424778876142175e-05,4.4247788495323496e-05,4.424778761066214e-05,4.424778847397326e-05,4.424778854357644e-05,4.424778859612777e-05,4.4247788971776635e-05,4.424778862282685e-05,0.016307016845259564,4.424778863208331e-05,0.40936489190915926
1,6.0,5.1867220871061786e-05,0.3334934526057456,5.186722105020198e-05,5.1867220299570175e-05,5.18672207052067e-05,5.1867220779409894e-05,5.186721991704213e-05,0.2882084860946116,5.1867220829988684e-05,5.18672210121684e-05,5.186722098251138e-05,5.186721991704213e-05,5.186722090134692e-05,5.1867220864604156e-05,5.186722101231973e-05,5.1867220578340834e-05,5.186722094888395e-05,5.186722117137456e-05,0.37741631854673113,5.186722107058733e-05
1,7.0,7.462686735418348e-05,7.462686758928726e-05,7.462686675473679e-05,7.46268664198602e-05,7.462686669514897e-05,7.462686700857205e-05,7.462686567170875e-05,7.462686750514092e-05,7.462686681195042e-05,7.462686705124322e-05,7.462686717462359e-05,7.462686567170875e-05,7.462686716213547e-05,0.05136943518083745,0.9472872812146785,7.462686656028013e-05,7.462686742692002e-05,7.462686694320307e-05,7.462686730938559e-05,7.462686737379035e-05
1,8.0,0.00010080645423706908,0.0001008064543446858,0.00010080645346051521,0.00010080645215684182,0.00010080645495613238,0.00010080645309200589,0.00010080645161300285,0.00010080645426793811,0.0001008064534757287,0.00010080645375006408,0.2255187024065693,0.00010080645161300285,0.00010080645385941706,0.00010080645337924423,0.7547232596338781,0.009765078090702128,0.00010080645373339837,0.00838005661260923,0.00010080645419377051,0.00010080645410845769
1,9.0,7.062147002365841e-05,0.9251232790783317,7.062146984266407e-05,7.062146957161496e-05,7.062147030618126e-05,7.062147027430616e-05,7.062146892659112e-05,7.062147031306097e-05,7.062147005424692e-05,0.0736055344616696,7.06214703845573e-05,7.062146892659112e-05,7.062147017576543e-05,7.062147014595027e-05,7.062147052607953e-05,7.062147011470762e-05,7.062147019953709e-05,7.062146998936657e-05,7.06214699658935e-05,7.062147025778485e-05
1,10.0,7.518797108198162e-05,0.2645620891218393,7.518797092833457e-05,7.518797054134865e-05,7.518797159596708e-05,7.518797145599709e-05,7.518796992486763e-05,7.518797151272775e-05,7.518797117540709e-05,0.29108092309553424,0.43026590703232487,7.518796992486763e-05,7.518797132664376e-05,7.518797136012452e-05,0.012888073213187695,7.5187970891565e-05,7.51879715852885e-05,7.518797107794224e-05,7.518797125244781e-05,7.518797147851648e-05
1,11.0,0.0001063829804137172,0.00010638298052892559,0.00010638297979060585,0.00010638297964466193,0.00010638298035283748,0.000106382980384998,0.00010638297872344053,0.0001063829805675707,0.00010638298068835324,0.9979787233771826,0.00010638298039611412,0.00010638297872344053,0.00010638298042522465,0.000106382980297178,0.00010638298063163277,0.00010638297967176748,0.00010638298037533304,0.00010638298040887633,0.0001063829802164766,0.00010638298057605411
1,12.0,6.596306188997739e-05,0.14510573122614973,6.59630621621881e-05,6.596306146504073e-05,0.03360551965617522,6.596306179959667e-05,6.5963060686093e-05,0.5053778288017324,6.596306335860549e-05,6.596306223914085e-05,0.005201826824348515,6.5963060686093e-05,6.596306202675768e-05,6.59630618800108e-05,0.30971964756275644,6.596306168572363e-05,6.596306202909688e-05,6.59630624727208e-05,6.596306210438098e-05,6.596306235199296e-05
1,13.0,0.00012254902183818966,0.13184013123057242,0.00012254902164533107,0.0001225490207656802,0.00012254902253112706,0.00012254902201098246,0.00012254901960793462,0.00012254902282794367,0.00012254902201055577,0.5039243894712554,0.0001225490223205226,0.00012254901960793462,0.00012254902233851245,0.00012254902169466956,0.00012254902280357788,0.0001225490217703627,0.3621521459279501,0.00012254902173161795,0.00012254902226062396,0.00012254902245643247
1,14.0,0.10632713573431417,0.0656775432241192,0.00010266940688263863,0.00010266940528842855,0.00010266940621960598,0.00010266940683632255,0.00010266940451754137,0.00010266940699360359,0.0001026694065100825,0.2652244339996806,0.00010266940656098096,0.00010266940451754137,0.0001026694065798946,0.00010266940608919297,0.46992116165913345,0.00010266940637513737,0.08407463338179208,0.00010266940620029274,0.00010266940630735838,0.007337720315081801
1,15.0,6.887052477184258e-05,6.887052475040347e-05,6.887052441807194e-05,6.887052416369573e-05,6.887052450025007e-05,6.887052468640501e-05,6.887052341600553e-05,6.887052484043424e-05,6.88705248261737e-05,0.9253467133715644,6.887052476513531e-05,6.887052341600553e-05,6.887052492616144e-05,6.887052443239552e-05,6.887052494351866e-05,0.07341361718683156,6.887052476281485e-05,6.887052452591377e-05,6.887052442747997e-05,6.887052503128322e-05
1,16.0,5.917159906719743e-05,0.5156705848455866,5.9171598611746536e-05,5.9171598400905135e-05,5.917159877511626e-05,5.91715989334878e-05,5.917159763319174e-05,0.11844392998512933,5.917159880424235e-05,5.917159920317379e-05,5.9171598891708916e-05,5.917159763319174e-05,5.9171598977230994e-05,5.9171598735096367e-05,0.36487956799142673,5.91715988707764e-05,5.917159893249754e-05,5.917159874090937e-05,5.9171598542602966e-05,5.917159910425147e-05
1,17.0,0.019487997671894904,6.993007174865558e-05,6.993007134332197e-05,6.993007055712872e-05,6.993007148531337e-05,6.99300712764528e-05,6.993006993013132e-05,0.7086672376626633,6.993007184923292e-05,0.05587110819855491,6.993007152296847e-05,6.993006993013132e-05,6.993007156597572e-05,6.993007139789579e-05,6.993007171643288e-05,6.993007161234422e-05,6.99300715866136e-05,6.993007148092936e-05,6.993007161469134e-05,0.21485477532626884
2,1.0,0.00010593220514043901,0.0001059322056802333,0.00010593220501015921,0.00010593220430775747,0.00010593220548772249,0.00010593220581540906,0.00010593220338991632,0.9767453475886252,0.00010593220486272898,0.02134787271853888,0.00010593220553080607,0.00010593220338991632,0.00010593220547218239,0.00010593220552546457,0.000105932205915986,0.00010593220622584817,0.00010593220531420451,0.00010593220470867247,0.00010593220506163064,0.00010593220599672933
2,2.0,0.00010752688349678581,0.00010752688378545694,0.00010752688399170555,0.00010752688268294037,0.00010752688311393826,0.0001075268835101741,0.00010752688172047459,0.00010752689288877378,0.00010752688296631271,0.000107526883404613,0.00010752688375603542,0.00010752688172047459,0.00010752688368944263,0.997956989208861,0.00010752688406974082,0.00010752688234302208,0.00010752688357345689,0.00010752688303728346,0.00010752688329414447,0.00010752688409414797
2,3.0,7.267441986339201e-05,7.267442028723874e-05,7.267441974736819e-05,7.267441989527201e-05,7.267442045958069e-05,7.267441959075952e-05,7.26744186047184e-05,0.5920655242827081,7.267441954531067e-05,7.26744205196594e-05,7.26744200525338e-05,7.26744186047184e-05,7.267441983402536e-05,7.267442043682293e-05,7.267442015677156e-05,7.267441934283939e-05,7.267441989375344e-05,7.267441952994442e-05,7.26744201387493e-05,0.40662633616078836
2,4.0,5.7471265995025294e-05,5.747126586369673e-05,5.7471265285845895e-05,5.747126472059562e-05,5.747126562770877e-05,5.747126557368958e-05,5.7471264367873126e-05,0.9290860624829829,5.747126574380477e-05,5.7471265895452634e-05,5.747126564421698e-05,5.7471264367873126e-05,5.747126549687135e-05,5.7471265638958454e-05,5.747126566547743e-05,5.747126569398187e-05,5.7471265835902423e-05,5.747126560404858e-05,5.7471265356182264e-05,0.06987945473863982
2,5.0,5.720823894082457e-05,0.5234789785644776,5.720823887464007e-05,5.7208238747520314e-05,5.7208238859975505e-05,5.72082392600314e-05,5.720823798632555e-05,0.47549127313317985,5.7208239454733445e-05,5.720823892648202e-05,5.720823920705912e-05,5.720823798632555e-05,5.720823938892661e-05,5.720823907720148e-05,5.720823947381185e-05,5.7208238913720166e-05,5.7208239146586016e-05,5.720823926053403e-05,5.720823945600758e-05,5.720823938183918e-05
2,6.0,7.320644321585038e-05,7.320644389583248e-05,7.320644302723083e-05,7.3206442907488e-05,7.320644411633474e-05,7.320644361828022e-05,7.320644216697471e-05,0.8733984993479411,7.320644360312037e-05,7.320644380095415e-05,7.320644383769147e-05,7.320644216697471e-05,7.32064434898544e-05,7.320644362295921e-05,0.1252837846698225,7.320644331847361e-05,7.320644358422785e-05,7.320644391128405e-05,7.32064441627002e-05,7.320644378998283e-05
2,7.0,6.793478418693677e-05,6.793478407040146e-05,6.793478375776778e-05,6.793478326581896e-05,0.798114233179808,6.793478406433484e-05,6.793478260873673e-05,0.0906148141188306,6.793478364694893e-05,0.014893409571796445,6.793478402708714e-05,6.793478260873673e-05,6.793478400874668e-05,6.793478446216452e-05,0.09529058658754147,6.793478421651406e-05,6.793478402614108e-05,6.793478519233975e-05,6.79347838342755e-05,6.793478404652866e-05
2,8.0,6.830601188291676e-05,0.09163355846059369,6.830601200179437e-05,6.830601191000886e-05,6.830601231058843e-05,6.830601221221829e-05,6.830601092901241e-05,6.83060123725184e-05,6.830601219251056e-05,6.830601228244858e-05,6.83060124064194e-05,6.830601092901241e-05,0.06796471878183012,0.5438308059616858,0.2954780206037424,6.830601159248852e-05,6.830601243533832e-05,6.830601242483374e-05,6.830601187522264e-05,6.830601239054395e-05
2,9.0,7.072135920641214e-05,0.03893607237186523,7.072135896418729e-05,7.072135835312692e-05,7.072135901478374e-05,7.072135929911793e-05,7.072135785013372e-05,7.072135960466869e-05,7.072135903129955e-05,7.072135908268369e-05,7.072135935753887e-05,7.072135785013372e-05,7.07213596365944e-05,7.07213595477308e-05,0.9597909431657418,7.072135855234975e-05,7.072135917516456e-05,7.072135951982571e-05,7.07213588213468e-05,7.072135952593686e-05
2,10.0,6.451613007933073e-05,0.38589161943639994,6.451613027562476e-05,6.451612973122539e-05,6.451613051673592e-05,6.451613030617331e-05,6.451612903231668e-05,0.036317637789110915,6.45161305253719e-05,0.26676044092950335,6.451613039863234e-05,6.451612903231668e-05,6.451613045200142e-05,0.04682037616892942,0.26324218372431024,6.45161295309877e-05,6.451613026559294e-05,6.451613092510717e-05,6.451613004187023e-05,6.451613063263342e-05
2,11.0,6.242197371561727e-05,0.016562834333766832,6.242197365831831e-05,6.242197314935017e-05,6.242197385687848e-05,6.24219740127903e-05,6.242197253438879e-05,0.028003612386384942,6.242197371841887e-05,6.242197409275316e-05,6.242197392016975e-05,6.242197253438879e-05,0.062311884520900106,6.242197408904841e-05,0.5564928281050779,6.24219735024537e-05,6.242197390300348e-05,0.28545071163300234,6.242197370261764e-05,0.05030422139047759
2,12.0,6.242197380484333e-05,0.4597324262816759,6.242197466469996e-05,6.242197298968163e-05,6.242197371470682e-05,6.24219738011238e-05,6.242197253439692e-05,0.1572941168463524,6.242197355704567e-05,6.242197359526905e-05,6.242197397572665e-05,6.242197253439692e-05,6.242197414810186e-05,6.24219737328857e-05,0.3819122833204629,6.2421973203436e-05,6.242197387592977e-05,6.242197395093622e-05,6.242197346376456e-05,6.242197396186621e-05
2,13.0,6.0168472988214876e-05,0.7063963538601298,6.0168472787744126e-05,6.016847221319158e-05,6.016847272502634e-05,6.016847289957964e-05,6.016847172085569e-05,6.016847324002335e-05,6.016847274288778e-05,6.01684726711236e-05,6.016847298450588e-05,6.016847172085569e-05,6.0168473161618214e-05,6.01684729349763e-05,0.29252061363157933,6.0168472210831666e-05,6.0168472832460045e-05,6.016847279696457e-05,6.0168472618887234e-05,6.016847304109142e-05
2,14.0,8.488964537810494e-05,0.0524457187988243,8.488964514057918e-05,8.488964425999405e-05,8.488964519068086e-05,8.488964498185972e-05,8.488964346357446e-05,8.488964560836968e-05,8.488964486926536e-05,0.11776832699771336,8.488964522284487e-05,8.488964346357446e-05,8.488964529682728e-05,8.488964498772655e-05,0.8283428302402446,8.488964482162191e-05,8.488964540623248e-05,8.488964501639568e-05,8.488964488495859e-05,8.488964522541468e-05
2,15.0,7.062146979983024e-05,0.20851195078868978,7.062146970047047e-05,7.06214700938152e-05,7.062147039914471e-05,7.062147037347368e-05,7.062146892661264e-05,0.44080219015103767,7.062147050386306e-05,7.062147051670074e-05,7.062147020647838e-05,7.062146892661264e-05,7.062147045844817e-05,7.062147011500537e-05,0.10872005246897279,0.06310230395912345,7.062147030177218e-05,7.062147078639288e-05,7.062147029042226e-05,0.17780418058077732
2,16.0,6.31313141281268e-05,0.0805274734743165,6.313131392265927e-05,6.313131404889688e-05,6.313131435182883e-05,6.313131454638216e-05,6.313131313137297e-05,6.313131470162518e-05,6.313131432547684e-05,6.313131410471368e-05,6.313131438678514e-05,6.313131313137297e-05,6.313131457526374e-05,6.313131424893596e-05,0.5710223953665696,6.313131388633803e-05,6.31313145263057e-05,0.10385104561851215,6.313131407941137e-05,0.24358898451450633
2,17.0,6.234414080140466e-05,0.06787911838873578,6.234414054071833e-05,6.234414053306866e-05,6.234414057782028e-05,6.234414083162281e-05,6.234413965091573e-05,6.234414097989872e-05,6.234414084428017e-05,6.234414124792756e-05,6.234414082173199e-05,6.234413965091573e-05,6.234414105585028e-05,6.234414080821429e-05,6.234414121181676e-05,6.234414040943377e-05,6.23441407450315e-05,6.234414083357688e-05,6.234414057397112e-05,0.9309986870791461
2,18.0,0.00010706638346725499,0.00010706638390460893,0.00010706638329574513,0.0001070663825504645,0.00010706638278562618,0.00010706638353955036,0.00010706638115641492,0.9575831905751409,0.00010706638307499361,0.00010706638351586389,0.00010706638368163877,0.00010706638115641492,0.00010706638400458374,0.00010706638345715314,0.04048961453014603,0.00010706638232748734,0.00010706638309107328,0.00010706638290295069,0.00010706638281193762,0.00010706638398940232
3,1.0,7.776049902396081e-05,7.776049945478003e-05,7.776049903278017e-05,7.776049819008951e-05,7.776049905672368e-05,7.776049897893654e-05,7.776049766726646e-05,0.7802036083316178,7.776049873328635e-05,0.003677929656880607,7.776049983743534e-05,7.776049766726646e-05,7.776049910982625e-05,7.77604991565466e-05,7.776049959389937e-05,7.776049887348733e-05,7.776049945810905e-05,7.776049884789221e-05,7.776049915772523e-05,0.21479653352966166
3,2.0,8.710801550101798e-05,8.710801587304239e-05,8.710801552427927e-05,8.71080154390066e-05,8.710801510405637e-05,8.710801560701357e-05,8.71080139373666e-05,0.8341734124179392,8.710801512422247e-05,8.710801547920522e-05,8.710801566753947e-05,8.71080139373666e-05,8.71080156055666e-05,8.710801552737619e-05,8.710801592588751e-05,8.710801598145004e-05,8.710801569083898e-05,8.710801507493149e-05,8.710801526926528e-05,0.16425864330579135
3,3.0,7.824726285062054e-05,7.824726308866538e-05,7.824726234158735e-05,7.82472621401373e-05,7.824726269350661e-05,7.824726248358104e-05,7.824726134591978e-05,0.12823050285439808,7.824726266949226e-05,7.824726261591141e-05,7.824726287353963e-05,7.824726134591978e-05,7.824726288343653e-05,7.82472628712532e-05,7.82472631058347e-05,7.824726256307667e-05,7.824726297546862e-05,7.824726276662196e-05,7.824726261795364e-05,0.8703610464193694
3,4.0,6.77506787683996e-05,6.77506791119358e-05,6.775067855239254e-05,6.775067825522449e-05,6.775067859872198e-05,6.775067851166216e-05,6.775067750682436e-05,0.6809073270482049,6.775067849431473e-05,6.775067934658146e-05,6.775067886452039e-05,6.775067750682436e-05,6.775067874951935e-05,6.775067893818422e-05,6.775067911093588e-05,6.775067821739181e-05,6.775067884567509e-05,0.3099552392113451,6.775067858788774e-05,0.007985672204482914
3,5.0,5.030181159809516e-05,0.6337564323998179,5.030181154943289e-05,5.030181163474675e-05,5.030181174855336e-05,5.030181165282161e-05,5.030181086523269e-05,0.36533813499005585,5.030181172453478e-05,5.030181176735933e-05,5.030181191307033e-05,5.030181086523269e-05,5.030181187022061e-05,5.030181191720209e-05,5.030181207645963e-05,5.030181136668788e-05,5.030181195916093e-05,5.0301811893997025e-05,5.0301811750009846e-05,5.030181197340314e-05
3,6.0,4.8638133679403434e-05,0.9990758754707161,4.863813291330759e-05,4.8638132699917255e-05,4.863813332519615e-05,4.863813291828813e-05,4.863813229574691e-05,4.863813332725687e-05,4.863813301669283e-05,4.863813360042035e-05,4.863813324007586e-05,4.863813229574691e-05,4.863813316920774e-05,4.863813312315122e-05,4.863813343022094e-05,4.863813359929997e-05,4.863813329533913e-05,4.8638133132879196e-05,4.8638133054241166e-05,4.863813316736152e-05
3,7.0,8.025682289519952e-05,8.025682345741285e-05,8.025682278672893e-05,8.025682256659825e-05,8.025682333297742e-05,8.025682330086428e-05,8.025682182987839e-05,8.025682339642451e-05,8.025682297654939e-05,8.025682344658186e-05,8.025682335685212e-05,8.025682182987839e-05,8.025682321485631e-05,8.0256823247309e-05,8.025682374833238e-05,8.025682247703727e-05,8.025682341933545e-05,0.9984751203624184,8.025682310107658e-05,8.025682319775605e-05
3,8.0,6.675567579315929e-05,6.675567569648098e-05,6.675567513434723e-05,6.675567513229085e-05,0.03177919706428652,6.675567533275098e-05,6.675567423237297e-05,6.675567591963976e-05,6.675567533933603e-05,0.0963298154511616,0.20563263422493278,6.675567423237297e-05,6.675567555425988e-05,6.675567562774943e-05,0.4973529243800751,6.675567506566162e-05,0.12069932099360486,0.047271528431863545,6.675567534894709e-05,6.675567566601198e-05
3,9.0,6.435006512817619e-05,6.435006550254981e-05,6.435006496307877e-05,6.435006506847316e-05,0.9987773487552372,6.435006538616785e-05,6.435006435007933e-05,6.435006540953851e-05,6.435006535243078e-05,6.43500709983521e-05,6.435006541506709e-05,6.435006435007933e-05,6.435006551720538e-05,6.435006536362165e-05,6.435006561455183e-05,6.435006505748646e-05,6.435006540813138e-05,6.435006532057103e-05,6.435006514374499e-05,6.435006541364551e-05
3,10.0,4.835590077352026e-05,0.18457520803011557,4.835590025556189e-05,4.835590000873353e-05,4.8355900416444496e-05,4.835590053171905e-05,4.8355899419780855e-05,0.2381831493330639,4.835590030216055e-05,0.03150025188272226,0.10831451525250896,4.8355899419780855e-05,0.030752703931787025,4.8355900458407186e-05,0.2331875259370005,4.8355900613489656e-05,0.11052585392785384,4.8355900474690154e-05,0.007323760846995049,0.05510511595527841
3,11.0,0.016437840472070878,6.3856961989803e-05,6.385696143052786e-05,6.385696178595048e-05,6.385696165033492e-05,6.385696158066886e-05,6.385696040874073e-05,6.38569618937462e-05,6.385696130217997e-05,6.385696210467552e-05,6.385696217068006e-05,6.385696040874073e-05,6.385696171956972e-05,6.385696162791999e-05,0.9824127342191695,6.385696200689504e-05,6.385696175806367e-05,6.385696155728274e-05,6.385696157379636e-05,6.385696178997383e-05
3,12.0,7.656967998834171e-05,7.656968032375046e-05,7.656967972023633e-05,7.656967976291927e-05,7.656967988206183e-05,7.656967969122384e-05,7.656967840739542e-05,7.656968013627539e-05,7.656967978414486e-05,7.656968045873228e-05,0.9249248004328076,7.656967840739542e-05,7.656967993082505e-05,7.656967959064777e-05,0.07369694533220018,7.656967897281938e-05,7.656967990171444e-05,7.656968005111703e-05,7.65696799320355e-05,7.656968005028076e-05
3,13.0,8.090615008641162e-05,8.090615090744912e-05,8.09061504126667e-05,8.090615212046485e-05,8.09061506563251e-05,8.090615042674497e-05,8.090614886739117e-05,8.09061507019474e-05,8.090615015309567e-05,0.6136645222533715,0.027142958019819276,8.090614886739117e-05,8.090615044267792e-05,8.090615040122411e-05,0.3578171151710332,8.090614966133984e-05,8.09061503002684e-05,8.090615041067141e-05,8.090615050771308e-05,8.090615085211281e-05
3,14.0,6.067961285098921e-05,6.0679612974686146e-05,6.067961274810698e-05,6.067961218083911e-05,6.0679612676859305e-05,6.0679612869454736e-05,6.067961165051207e-05,6.067961302134874e-05,6.0679612675739955e-05,6.0679612873539075e-05,6.067961283463771e-05,6.067961165051207e-05,6.067961294303555e-05,6.0679612766520264e-05,6.067961371009459e-05,6.067961231672617e-05,0.9988470873588771,6.067961277874173e-05,6.06796125072469e-05,6.0679613093403336e-05
3,15.0,6.393861983756648e-05,6.393862037355576e-05,6.393862016423088e-05,6.393862031945892e-05,6.3938620112874e-05,6.39386200119142e-05,6.393861892587894e-05,6.393862028766162e-05,6.393861997960917e-05,0.6186825693717842,6.393862038772589e-05,6.393861892587894e-05,6.393862015548162e-05,6.393861997423427e-05,0.38016653546838947,6.393861959150694e-05,6.393862027330702e-05,6.393862025939156e-05,6.393862005348474e-05,6.393862019239775e-05
3,16.0,7.485030173841913e-05,7.485030113754328e-05,7.48503004987888e-05,7.485030050009913e-05,7.48503003876075e-05,7.485030055170804e-05,7.485029940128644e-05,7.485030127324942e-05,7.4850300889303e-05,7.485030100387692e-05,0.019423031499945873,7.485029940128644e-05,7.48503009615473e-05,7.485030067693656e-05,0.9728494333068228,7.485030126291201e-05,0.00645508008079881,7.485030101039805e-05,7.485030057311276e-05,7.485030116444419e-05
3,17.0,7.812500101440346e-05,0.14440500434596845,7.812500091449396e-05,7.81250019529825e-05,7.812500136048096e-05,7.812500182436233e-05,7.812500000006028e-05,7.812500160832816e-05,7.812500122714844e-05,7.812500139233365e-05,7.812500182219696e-05,7.812500000006028e-05,7.81250015616049e-05,7.812500122662004e-05,7.812500191597362e-05,7.812500098196939e-05,7.812500161631398e-05,7.812500380745151e-05,7.812500102437281e-05,0.8541887456287803
3,18.0,0.00017605634176711595,0.00017605634210665988,0.00017605634145357175,0.00017605634393647818,0.00017605634244934618,0.00017605634111196524,0.00017605633802833854,0.20437642142363283,0.0001760563423400494,0.00017605634194999266,0.00017605634148093783,0.00017605633802833854,0.0001760563426399699,0.00017605634163651924,0.7087936699531955,0.0001760563432501216,0.00017605634192786909,0.00017605634220826415,0.0001760563407126199,0.08383695081614358
3,19.0,7.267441995983168e-05,0.010317813680264588,7.26744199737719e-05,7.267441988743931e-05,7.267441982394624e-05,7.267442012855947e-05,7.267441860470891e-05,7.267442038129247e-05,7.267442000766733e-05,7.267442014765618e-05,7.267441992255242e-05,7.267441860470891e-05,7.267442018926071e-05,7.26744200254689e-05,0.09496050747595719,7.267441937182077e-05,7.267442006827742e-05,7.267442023685523e-05,7.267441996987923e-05,0.8934862137064746
3,20.0,0.00016181229951020716,0.00016181230032206965,0.00016181229909410677,0.9850508708799168,0.00016181229949922447,0.00016181230064520895,0.000161812297734647,0.00016181229983806237,0.00016181229993007327,0.00016181229956529653,0.00016181230018040224,0.000161812297734647,0.00016181230048561025,0.00016181229981495897,0.00016181229994679833,0.0001618122989695509,0.0001618122995391321,0.012036507727064986,0.00016181229949816574,0.0001618123007099506
3,21.0,4.9504951239370786e-05,4.950495170130305e-05,4.950495107776876e-05,4.9504951588896316e-05,4.950495150174157e-05,4.9504951477011226e-05,4.950495049508954e-05,4.950495154552366e-05,4.9504951789187916e-05,4.950495154611456e-05,4.950495158755633e-05,4.950495049508954e-05,4.9504951663968514e-05,4.950495146561151e-05,0.8149083866538132,0.012460749754864374,4.9504951372961916e-05,4.950495156868775e-05,4.9504951218029154e-05,0.17178927941798866
3,22.0,0.21146980441900487,7.473841740376142e-05,7.473841676811061e-05,7.473841678132709e-05,7.473841707814335e-05,7.473841694994182e-05,7.473841554565153e-05,0.3052573710663939,7.473841687514508e-05,7.473841736989157e-05,7.473841735741019e-05,7.473841554565153e-05,7.47384171638226e-05,7.473841696886655e-05,0.48200227142755403,7.473841660326693e-05,7.473841729845209e-05,7.473841672792256e-05,7.47384173334946e-05,7.473841727611064e-05
4,1.0,7.485030083357785e-05,7.485030115449845e-05,7.485030069381042e-05,7.485030001376389e-05,7.48503008421482e-05,7.485030092194759e-05,7.485029940126688e-05,0.3537708857817908,7.485030059941736e-05,7.485030096598568e-05,7.485030092882445e-05,7.485029940126688e-05,0.5262555039179634,7.485030061011412e-05,7.485030095954185e-05,7.485029998143192e-05,7.485030114026357e-05,7.485030046736208e-05,7.485030043933041e-05,0.11870115519089124
4,2.0,0.00010869565403856447,0.00010869565426509019,0.00010869565514780945,0.00010869565299673088,0.0001086956541217718,0.00010869565401014892,0.00010869565217400855,0.6217178843457339,0.00010869565405371039,0.00010869565498136831,0.00010869565493915855,0.00010869565217400855,0.00010869565435045503,0.0001086956542340321,0.0001086956547425011,0.00010869565331748965,0.00010869565431736372,0.00010869565413543918,0.00010869565423632306,0.3763255938820302
4,3.0,0.29984663283895086,0.0001070663831741927,0.00010706638315097436,0.0001070663818508658,0.00010706638272358776,0.00010706638276737714,0.00010706638115639084,0.6982261722718943,0.00010706638244393353,0.00010706638364678347,0.00010706638329537605,0.00010706638115639084,0.00010706638300427106,0.00010706638306372882,0.00010706638351817618,0.00010706638170534928,0.00010706638317007326,0.00010706638287848148,0.00010706638303200394,0.00010706638341687424
4,4.0,0.00011933174442533278,0.00011933174470264719,0.00011933174439569263,0.00011933174397507245,0.00011933174413230807,0.00011933174424489649,0.00011933174224350483,0.002403943351083257,0.0001193317437993125,0.00011933174388265525,0.9954480852559388,0.00011933174224350483,0.0001193317443930966,0.00011933174413616649,0.00011933174490821856,0.00011933174297766674,0.00011933174497901233,0.00011933174420647411,0.00011933174438005708,0.00011933174495224113
4,5.0,9.746588853131903e-05,9.746588942953485e-05,9.746588839582814e-05,9.746588778263131e-05,9.74658899137086e-05,9.746588869975307e-05,9.746588693967863e-05,0.38036938583393,9.746588849761298e-05,9.74658901701764e-05,9.746588909485715e-05,9.746588693967863e-05,9.746588863237973e-05,9.746588876452355e-05,0.19501276512937302,9.746588805091471e-05,9.746588915545273e-05,9.74658886993851e-05,9.746588911942667e-05,0.4229609289298799
4,6.0,0.00015151515437563027,0.2934482236924215,0.00015151515436224734,0.00015151515325057067,0.00015151515497467387,0.00015151515403138329,0.0001515151515153035,0.5587033661964738,0.00015151515392840175,0.029229877210834178,0.0001515151546744581,0.0001515151515153035,0.00015151515532510953,0.0001515151546417377,0.00015151515481852534,0.00015151515338116388,0.00015151515460884812,0.00015151515355610489,0.00015151515477324185,0.11619429043653777
4,7.0,6.657789719922391e-05,6.657789748640496e-05,6.65778971527604e-05,6.657789708234707e-05,6.657789760777806e-05,6.65778975352673e-05,6.657789613854339e-05,0.8470373313329138,6.65778976521287e-05,0.06460985998128038,6.657789748943219e-05,6.657789613854339e-05,6.657789752972377e-05,0.07507185777408133,6.657789761533164e-05,6.657789714855209e-05,6.657789775250228e-05,6.65778976443322e-05,6.65778969839108e-05,0.012215704555567818
4,8.0,5.586592248190309e-05,5.5865922732578125e-05,5.586592248519721e-05,5.586592218027748e-05,5.5865922822421975e-05,5.586592277855275e-05,5.586592178772971e-05,5.586592265672059e-05,5.586592270374443e-05,0.13982344478298997,5.586592272913563e-05,5.586592178772971e-05,5.5865922669159223e-05,0.859170968611356,5.586592263791758e-05,5.586592242975353e-05,5.586592263368662e-05,5.5865922707976934e-05,5.5865922617858795e-05,5.586592281180081e-05
4,9.0,5.0000000801916106e-05,5.000000100268635e-05,5.000000079408476e-05,5.000000059313519e-05,5.000000086354673e-05,5.0000000878171616e-05,5.000000000004057e-05,5.000000109913319e-05,5.0000000791766964e-05,0.0093283011872705,5.0000000983357854e-05,5.000000000004057e-05,5.0000000974970026e-05,0.07397856628677324,5.000000103031776e-05,5.0000001222138455e-05,5.000000087492964e-05,5.000000085855637e-05,5.00000009215508e-05,0.9158431325122659
4,10.0,0.00011037527785886316,0.0001103752778127548,0.00011037527808568396,0.00011037527644136546,0.00011037527790749454,0.00011037527843215593,0.00011037527593830602,0.6635517594350516,0.00011037527754383976,0.00011037527792694898,0.2194272833167386,0.00011037527593830602,0.00011037527791757283,0.00011037527817846343,0.11514457752947797,0.00011037527732392282,0.00011037527788640753,0.00011037527755585421,0.00011037527763434641,0.0001103752783495891
4,11.0,0.00010266940598739696,0.1819848448689877,0.00010266940638633134,0.00010266940746344896,0.00010266940746252462,0.00010266940650299873,0.00010266940451756237,0.6187523945485124,0.00010266940660441664,0.0001026694073696898,0.00010266940669023359,0.00010266940451756237,0.00010266940678592937,0.00010266940681467068,0.19751738067349375,0.00010266940557376118,0.00010266940672515501,0.00010266940610860023,0.00010266940677313119,0.00010266940672286008
4,12.0,5.43478270957399e-05,5.434782742867381e-05,5.4347826908069355e-05,5.434782662646187e-05,5.434782709886575e-05,5.434782715553551e-05,5.4347826087018743e-05,0.3683931795750836,5.4347827467365034e-05,5.4347827651784076e-05,5.434782722026038e-05,5.4347826087018743e-05,5.434782725745191e-05,5.4347827428945964e-05,0.4756040921452771,5.43478266139897e-05,0.1550788152193971,5.434782779829664e-05,5.434782707713024e-05,5.4347827239368443e-05
4,13.0,8.156607005659416e-05,8.156607001548756e-05,8.156606963608254e-05,8.15660691794657e-05,8.156606978858528e-05,8.156606981335253e-05,8.156606851552367e-05,8.156607017018345e-05,8.15660697570906e-05,8.156606996016009e-05,8.156607001217969e-05,8.156606851552367e-05,8.156607003625124e-05,8.156606989230798e-05,8.156607310160257e-05,8.156606949426615e-05,8.156607019825903e-05,8.156606976246451e-05,0.9984502446720612,8.156607003351207e-05
4,14.0,7.052186304826611e-05,7.052186315016674e-05,7.052186257885087e-05,7.052186266286838e-05,7.052186311192894e-05,7.052186352060846e-05,7.052186177722853e-05,0.27712401560242234,7.0521863258937e-05,7.0521863442994e-05,7.052186333251776e-05,7.052186177722853e-05,7.052186332119822e-05,7.052186324378963e-05,0.5079249307957927,7.052186266702409e-05,7.052186356955645e-05,7.052186307623897e-05,7.052186313358915e-05,0.21375218193111212
4,15.0,6.321112621747393e-05,6.321112677729868e-05,6.321112597106966e-05,6.321112584367866e-05,6.321112649538975e-05,6.321112656244991e-05,6.321112515809804e-05,0.26114369975462703,0.013375134435832303,6.321112648446441e-05,6.321112655473964e-05,6.321112515809804e-05,6.321112658589803e-05,6.321112650166285e-05,0.6951486138282845,6.321112624811586e-05,0.029321173960895286,6.32111266600578e-05,6.321112650490765e-05,6.321112663744082e-05
4,16.0,5.599104228429917e-05,5.5991042465904294e-05,5.599104210532772e-05,5.5991041928344104e-05,5.599104229315271e-05,5.599104233142684e-05,5.599104143339217e-05,5.599104252835375e-05,5.599104228664395e-05,5.599104228324816e-05,5.599104233810775e-05,5.599104143339217e-05,5.5991042372584994e-05,5.59910425546818e-05,5.5991042626723284e-05,5.599104200962448e-05,0.9989361701978042,5.599104221565557e-05,5.5991042283424524e-05,5.599104242148965e-05
4,17.0,9.310987112620324e-05,9.310987154843106e-05,9.31098707785129e-05,9.310987030025162e-05,9.310987118942189e-05,9.3109871417136e-05,9.310986964627496e-05,0.6330757054432714,9.31098722990144e-05,9.310987145436801e-05,9.310987139498956e-05,9.310986964627496e-05,9.310987159224115e-05,9.310987149136827e-05,0.0929767545734269,9.310987071368448e-05,0.27236467217470134,9.310987154489735e-05,9.310987086457728e-05,9.310987159270606e-05
4,18.0,5.1759835639195566e-05,5.175983542790813e-05,5.175983509006913e-05,5.1759834776843045e-05,5.175983514424553e-05,0.5714412696841187,5.1759834368559145e-05,5.175983559374984e-05,5.175983560267144e-05,5.175983538727112e-05,5.1759835333440816e-05,5.1759834368559145e-05,5.175983528274671e-05,5.175983540171335e-05,0.4191498193714242,5.175983518802944e-05,0.008528993745850554,5.175983536325237e-05,5.175983521959767e-05,5.1759835418656735e-05
4,19.0,6.002401069422935e-05,6.002401104846463e-05,6.002401055614391e-05,6.002401061201626e-05,6.002401072087488e-05,6.002401111198866e-05,6.00240096038792e-05,0.12631563489254136,6.002401082727663e-05,0.017695264699124216,6.0024011190824986e-05,6.00240096038792e-05,6.002401111842443e-05,6.00240106948273e-05,6.00240111484986e-05,6.0024011252279294e-05,0.8549686922253255,6.0024010704618344e-05,6.0024010916546624e-05,6.00240112039908e-05
4,20.0,5.2521009170191916e-05,5.2521009619936955e-05,5.2521009166741247e-05,5.2521008823564655e-05,5.25210093102462e-05,5.252100943081399e-05,5.252100840340738e-05,5.252100970420525e-05,0.10763396386321647,0.12541954993878301,5.252100961328715e-05,5.252100840340738e-05,5.2521009380843915e-05,5.252100949091126e-05,0.2650393672639635,5.2521009086080135e-05,0.11677299212097327,5.2521009340543375e-05,5.252100993211639e-05,0.38434631167418737
4,21.0,6.21118024460826e-05,6.211180269463579e-05,6.21118022529676e-05,6.211180163100028e-05,6.211180209799497e-05,6.211180239998476e-05,6.211180124230611e-05,0.2253992071018114,6.211180277483717e-05,6.211180239696245e-05,6.211180249570327e-05,6.211180124230611e-05,6.211180237921696e-05,0.15417794870839954,0.5661572121763693,6.211180189318552e-05,0.053271843178004125,6.211180235790306e-05,6.211180246966708e-05,6.211180264096747e-05
4,22.0,8.880994860037457e-05,8.880994863233643e-05,8.880994807146344e-05,8.880994731673138e-05,8.880994830648734e-05,8.88099485870009e-05,8.88099467141072e-05,8.88099490074118e-05,8.880994883605607e-05,8.880994848259914e-05,8.880994868232741e-05,8.88099467141072e-05,8.880994944313134e-05,8.880994913626104e-05,0.9785184808899113,8.88099479133339e-05,0.019882940039019442,8.88099484521612e-05,8.880994873965166e-05,8.880994943353934e-05
4,23.0,4.3821210436481404e-05,4.382121043401014e-05,4.382121010592558e-05,4.3821209835272245e-05,4.382121018472526e-05,4.3821210319692366e-05,4.382120946542294e-05,0.08447511015319036,0.007862100159246975,4.382121041537579e-05,4.38212102975938e-05,4.382120946542294e-05,4.382121040860514e-05,0.07391178631154417,0.7409825638552581,4.382121017055914e-05,0.09211112136831971,4.3821210241804915e-05,4.382121026976652e-05,4.3821210390090284e-05
4,24.0,0.038953406876550904,5.931198220122468e-05,5.931198201643667e-05,5.9311981590347655e-05,5.93119817708897e-05,5.931198232677827e-05,5.9311981020221514e-05,0.24626418564439317,5.9311982337085985e-05,5.9311982124109085e-05,5.931198226515384e-05,5.9311981020221514e-05,5.931198227109948e-05,5.931198207655147e-05,0.6154170003497137,5.931198262293259e-05,0.09841641541759073,5.9311981789199806e-05,5.931198195817858e-05,5.9311982361193844e-05
4,25.0,6.0313631799230287e-05,6.0313632293093605e-05,6.031363190869978e-05,6.0313631416782734e-05,6.031363198363492e-05,6.0313632013386304e-05,6.0313630880631526e-05,6.031363213565605e-05,0.096460643470851,6.0313631746513544e-05,6.03136319874189e-05,6.0313630880631526e-05,0.08274157957927858,6.0313631710124054e-05,0.8197724452094425,6.031363129137538e-05,6.031363219241461e-05,6.031363204796498e-05,6.031363184625378e-05,6.0313632294061344e-05
4,26.0,4.115226406692731e-05,4.115226409336664e-05,4.11522637914663e-05,4.1152263684100245e-05,4.115226388245105e-05,4.1152263998855906e-05,4.115226337449618e-05,4.1152264103481247e-05,0.9992181069853492,4.11522640510187e-05,4.1152264052695604e-05,4.115226337449618e-05,4.115226404821259e-05,4.115226399713016e-05,4.1152264207571594e-05,4.115226388428038e-05,4.115226411689067e-05,4.115226394382255e-05,4.115226394237862e-05,4.115226403735417e-05
4,27.0,5.025125707766459e-05,5.025125731915634e-05,5.0251257242351915e-05,5.0251257026072515e-05,5.025125708728439e-05,5.025125711266485e-05,5.0251256281448636e-05,0.5002868550371857,0.019380010940405867,5.025125726500142e-05,5.025125729408742e-05,5.0251256281448636e-05,5.0251257494651026e-05,5.025125743088287e-05,0.42501882280349407,5.025125711005702e-05,5.0251257371131565e-05,0.017905618681574573,5.025125705961611e-05,0.03665492368088632
4,28.0,4.812319655701811e-05,4.8123196349395774e-05,4.8123196097080516e-05,4.812319583723426e-05,4.812319651030024e-05,4.812319626749194e-05,4.8123195380213723e-05,0.0014690027811038243,0.03181273012813079,4.8123196538538096e-05,4.812319624496745e-05,4.8123195380213723e-05,4.812319635798258e-05,0.016096907903252477,0.9093344710597336,0.04056504018432043,4.81231965716678e-05,4.812319630782611e-05,4.812319645311254e-05,4.812319660594871e-05
4,29.0,8.547008680726898e-05,8.547008757755574e-05,8.547008719334137e-05,8.54700864120697e-05,8.547008694120621e-05,8.547008724860201e-05,8.547008547016962e-05,0.6490573574989796,8.547008754226184e-05,8.547008772022451e-05,8.547008733849049e-05,8.547008547016962e-05,8.547008761825553e-05,8.547008684394319e-05,0.34940418093520637,8.547008723776606e-05,8.547008708312677e-05,8.547008681382671e-05,8.54700869253834e-05,8.547008757024158e-05
4,30.0,5.1813472400684285e-05,5.181347254991017e-05,5.18134720881397e-05,5.1813471886070624e-05,5.181347236430746e-05,5.181347238583224e-05,5.181347150261732e-05,5.1813472581907404e-05,5.181347240393398e-05,5.181347243626197e-05,5.181347249946058e-05,5.181347150261732e-05,0.9990155440252771,5.181347388885624e-05,5.181347269308493e-05,5.181347185216563e-05,5.181347260150329e-05,5.181347244057632e-05,5.181347219865439e-05,5.181347244616908e-05
4,31.0,4.314063920670328e-05,4.314063948571316e-05,4.314063906637024e-05,4.314063937664004e-05,4.3140639351742566e-05,4.314063943401088e-05,4.3140638481490873e-05,0.43887101199538836,0.08087771581943518,0.04766502070915912,4.314063949280753e-05,4.3140638481490873e-05,4.314063935419736e-05,4.3140639292301826e-05,0.10645327290395915,4.314063926930918e-05,0.007338479721064489,4.314063932466436e-05,4.314063917170121e-05,0.3181905299022045
4,32.0,0.00013054830437081026,0.00013054830483987464,0.0001305483045281454,0.00013054830471342945,0.00013054830438890928,0.00013054830550757838,0.00013054830287209597,0.00013054830488343076,0.997519582210672,0.0001305483047053856,0.00013054830515287226,0.00013054830287209597,0.00013054830558190068,0.0001305483045123057,0.00013054830466216875,0.00013054830417181967,0.00013054830457697746,0.0001305483055497532,0.00013054830443207663,0.00013054830700635344
4,33.0,8.865248397966607e-05,8.865248377110512e-05,8.865248378182306e-05,8.865248358377759e-05,8.865248342490756e-05,0.01909642769775532,8.865248226957645e-05,8.865248422469472e-05,8.865248388964613e-05,8.865248430016592e-05,8.865248401373559e-05,8.865248226957645e-05,0.5309594498483442,8.865248395597877e-05,8.865248401769496e-05,8.865248399693729e-05,8.86524847058612e-05,8.865248395004351e-05,8.865248344248879e-05,0.4484370302303229
4,34.0,0.00010548523302842715,0.00010548523370432778,0.00010548523316142751,0.00010548523329128154,0.00010548523347063606,0.00010548523487460013,0.00010548523206757192,0.00010548523357664636,0.00010548523410958142,0.00010548523342926418,0.00010548523382646772,0.00010548523206757192,0.00010548523403083641,0.00010548523342773318,0.00010548523362229189,0.0001054852328734988,0.00010548523319922699,0.00010548523398464408,0.00010548523339504996,0.9979957805648588
4,35.0,5.494505588881245e-05,5.494505617627457e-05,5.49450559109826e-05,5.4945055486337255e-05,5.494505587413006e-05,5.494505601284133e-05,5.494505494509788e-05,5.49450563199826e-05,0.008444661956844159,5.494505600458815e-05,5.494505605112302e-05,5.494505494509788e-05,5.494505633201235e-05,5.494505609575273e-05,0.11738627301232757,5.4945055982022074e-05,5.494505647250002e-05,5.4945056090237716e-05,5.49450559296403e-05,0.8732349990803109
4,36.0,6.0827251800783165e-05,6.082725188324616e-05,6.0827251856529276e-05,6.082725144183271e-05,6.082725154105343e-05,6.082725198144886e-05,6.082725060832609e-05,6.082725199723293e-05,6.082725169671968e-05,6.082725154808423e-05,6.082725195799274e-05,6.082725060832609e-05,6.0827252243378236e-05,6.08272518525767e-05,0.5696024195888065,6.0827251114353174e-05,6.082725206468645e-05,6.082725204022021e-05,6.0827251618577704e-05,0.4293026898813379
4,37.0,0.014201859517801308,8.06451630804377e-05,8.064516299768398e-05,8.064516191166719e-05,8.064516269344059e-05,8.064516288521385e-05,8.064516129039005e-05,0.8565637592499152,8.064516285657927e-05,8.064516315901474e-05,8.064516287160441e-05,8.064516129039005e-05,8.064516325629806e-05,8.064516269020474e-05,0.005528585236242194,8.064516356985548e-05,0.12241547339306146,8.064516251326223e-05,8.064516287748251e-05,8.064516303636907e-05
5,1.0,5.549389667041655e-05,5.549389681618055e-05,5.549389655778278e-05,5.5493896549111344e-05,5.549389667660603e-05,5.549389662582633e-05,5.5493895671521345e-05,0.03852076209538844,5.549389654785878e-05,5.5493896872400205e-05,5.549389703569099e-05,5.5493895671521345e-05,5.549389688416334e-05,5.549389676200517e-05,5.5493896972765e-05,5.5493896229065515e-05,5.549389669887623e-05,5.5493896557686536e-05,5.549389665190862e-05,0.9604803477661602
5,2.0,5.924170772644882e-05,5.924170734844919e-05,5.9241707260282205e-05,5.924170687462219e-05,5.924170707941215e-05,5.9241707401502174e-05,5.92417061611858e-05,0.055743328825792464,5.92417069898646e-05,5.9241707238597456e-05,5.9241707378435806e-05,5.92417061611858e-05,5.9241707498698215e-05,5.924170759386071e-05,5.924170759563235e-05,5.9241706512123766e-05,5.9241707474830344e-05,5.924170702206047e-05,5.9241707136011514e-05,0.9431903204457543
5,3.0,5.9171598705424674e-05,5.9171598958518044e-05,5.91715984939494e-05,5.917159829605873e-05,5.917159869340961e-05,5.917159879630222e-05,5.917159763318337e-05,0.17884920843384502,5.917159878723514e-05,5.9171599189421956e-05,0.38035462632304384,5.917159763318337e-05,5.917159879659307e-05,5.917159888862604e-05,5.917159897887817e-05,5.917159846820993e-05,5.917159876438454e-05,5.917159863637082e-05,5.9171599121301154e-05,0.43979024806627
5,4.0,6.631299848892774e-05,6.631299879933841e-05,6.631299913408712e-05,6.63129980305338e-05,6.631299875388359e-05,6.631299875006415e-05,6.631299734754239e-05,0.8602866619405266,6.631299844257368e-05,6.631299861580149e-05,0.03783893490291792,6.631299734754239e-05,6.631299880870965e-05,6.631299871676533e-05,6.631299888959333e-05,6.631299794749367e-05,6.631299891457096e-05,6.631299846578225e-05,6.631299866126348e-05,0.10074708218244113
5,5.0,7.0323489468321e-05,7.03234893987665e-05,7.032349037233478e-05,7.032348907341923e-05,7.032348915628529e-05,7.032348944384529e-05,7.032348804506589e-05,0.26080055872041025,7.032348924113672e-05,7.032348914189234e-05,0.24731215727940584,7.032348804506589e-05,7.032348964717339e-05,7.032348935727895e-05,7.032348967438758e-05,7.032348863651628e-05,0.49069178468283897,7.032348937133584e-05,7.03234894276077e-05,7.032348984448261e-05
5,6.0,4.863813307888573e-05,4.8638133338256056e-05,0.4521525772554613,4.863813287889497e-05,4.863813300837078e-05,4.863813336180294e-05,4.8638132295753045e-05,0.3665840414812556,4.863813299572431e-05,4.863813309122371e-05,0.054210724258731365,4.8638132295753045e-05,4.863813334577461e-05,4.863813322727068e-05,0.12627444687573194,4.863813277122005e-05,4.863813326231203e-05,4.863813327945257e-05,4.863813319455009e-05,4.863813339459838e-05
5,7.0,6.435006525703694e-05,6.435006592324328e-05,6.435006536674323e-05,6.435006475292696e-05,6.435006543681457e-05,6.435006579941794e-05,6.435006435012922e-05,0.34629240023299657,6.435006535337453e-05,6.435006565664786e-05,6.435006593905198e-05,6.435006435012922e-05,0.21001426265480064,6.435006586772575e-05,6.435006582081369e-05,6.435006553173212e-05,0.3102085009431984,6.435006533544997e-05,6.435006562148422e-05,0.13245523512264148
5,8.0,7.78816212160178e-05,7.788162122710582e-05,7.788162100825839e-05,7.788162067604217e-05,7.788162095864916e-05,7.788162123502362e-05,7.788161993772496e-05,7.788162159173954e-05,7.788162084815154e-05,7.788162091354596e-05,7.788162147294728e-05,7.788161993772496e-05,7.788162150706968e-05,0.9985202492009395,7.788162146134843e-05,7.7881620467e-05,7.788162136571152e-05,7.788162089836111e-05,7.788162095373211e-05,7.78816213845779e-05
5,9.0,4.4326241929235e-05,4.4326242079559187e-05,4.432624206132203e-05,4.432624190711044e-05,4.432624179884617e-05,4.432624207623478e-05,4.4326241134795707e-05,0.8215845476778336,4.432624200603156e-05,4.432624203448602e-05,0.005849371596902398,4.4326241134795707e-05,0.0064481295558475775,4.4326242108131546e-05,0.16540873129860792,4.432624175972435e-05,4.432624217393947e-05,4.432624227396565e-05,4.4326242122529e-05,4.4326242208015385e-05
5,10.0,6.19578696990778e-05,0.26027507687332707,6.19578697289118e-05,6.195786972122081e-05,6.195786948111477e-05,6.195786976429702e-05,6.195786864938238e-05,0.6428907353254681,6.195786965328706e-05,6.195786990740966e-05,6.19578701013496e-05,6.195786864938238e-05,6.195786998031568e-05,6.195787006581851e-05,0.0957809040146003,6.195787158060222e-05,6.195786992955223e-05,6.195786957788881e-05,6.19578699676911e-05,6.195787014717994e-05
5,11.0,5.681818267630294e-05,5.681818300887468e-05,5.68181828790675e-05,5.681818238937693e-05,5.681818264393704e-05,5.6818182895382274e-05,5.681818181822557e-05,5.681818575078312e-05,5.6818182518765805e-05,5.68181828658352e-05,5.681818276740876e-05,5.681818181822557e-05,5.681818305339106e-05,5.6818183002194545e-05,0.9989204545261585,5.6818182293212735e-05,5.6818183012030366e-05,5.681818267530776e-05,5.681818274498815e-05,5.681818302819734e-05
5,12.0,4.2337003447603224e-05,4.233700349827406e-05,4.2337003273974385e-05,4.233700285983783e-05,4.233700331993329e-05,4.233700335188122e-05,4.23370025402643e-05,0.0767938453096562,4.233700345903435e-05,4.233700344028e-05,4.233700360053567e-05,4.23370025402643e-05,4.2337003406306465e-05,4.233700326996951e-05,0.9224440886318546,4.233700308354938e-05,4.233700340019906e-05,4.233700328519412e-05,4.233700324526697e-05,4.233700346707919e-05
5,13.0,4.118616231022546e-05,4.118616228269075e-05,4.1186162028007326e-05,4.118616177229415e-05,4.118616214746658e-05,4.1186162098833185e-05,4.118616144978086e-05,4.1186162386877337e-05,4.118616210572615e-05,4.118617921292405e-05,0.5425377152805022,4.118616144978086e-05,4.118616222756322e-05,4.118616214802494e-05,0.4567209337851493,4.1186161979795735e-05,4.118616232977252e-05,4.118616216774063e-05,4.118616201724989e-05,4.1186162233777703e-05
5,14.0,4.694835781674524e-05,4.694835795571567e-05,4.694835768734538e-05,4.694835713176769e-05,4.694835786439187e-05,4.694835775422009e-05,4.694835680756315e-05,0.21610437972978955,4.6948358366460196e-05,0.11198409163654854,0.07740147190768666,4.694835680756315e-05,4.694835797792875e-05,4.6948357754915887e-05,0.5937588830037719,4.694835737775309e-05,4.694835781101557e-05,4.694835746300711e-05,4.694835778759704e-05,4.6948357839658694e-05
5,15.0,5.6053812865812726e-05,5.60538127434499e-05,5.6053812549809684e-05,5.60538120102798e-05,5.605381295742128e-05,5.6053812577753396e-05,5.6053811659248696e-05,0.2640755445009994,5.605381264980902e-05,5.605381303265931e-05,5.605381292272534e-05,5.6053811659248696e-05,5.60538127522203e-05,5.6053812835685614e-05,0.7349154868728317,5.605381225654666e-05,5.605381270069969e-05,5.605381274527824e-05,5.605381246150929e-05,5.605381278863046e-05
5,16.0,6.756756866217141e-05,6.756756894070423e-05,6.756756852885983e-05,6.75675681921259e-05,6.756756854368227e-05,6.756756886349976e-05,6.756756756762029e-05,0.5605393818704509,6.756756922352114e-05,0.38411187551500137,6.756756932140431e-05,6.756756756762029e-05,6.75675692211947e-05,6.756756895929824e-05,0.05420009394732441,6.756756809111176e-05,6.756756919638557e-05,6.756756879230523e-05,6.756756854762056e-05,6.756756900414439e-05
5,17.0,5.6053812445636225e-05,5.6053812779078904e-05,5.60538124456259e-05,5.605381212115637e-05,5.6053812659515345e-05,5.605381275987752e-05,5.6053811659237034e-05,5.605381286074842e-05,5.6053812434804016e-05,5.605381302277053e-05,5.605381273732912e-05,5.6053811659237034e-05,5.605381275050741e-05,5.605381290155836e-05,0.9989349775619143,5.605381217695139e-05,5.605381276180131e-05,5.605381269038302e-05,5.6053812482749496e-05,5.6053812736753664e-05
5,18.0,5.0200804135147576e-05,0.22060613381263022,5.020080431379638e-05,5.020080386055195e-05,5.020080449455869e-05,5.020080438727406e-05,5.020080321290571e-05,0.07417035257358538,5.020080450090654e-05,0.049616199646261454,0.16825883198425245,5.020080321290571e-05,5.0200804342858235e-05,0.03875800216918501,0.3889007915721096,5.020080369092671e-05,5.020080434378279e-05,5.020080429349792e-05,5.020080415624675e-05,0.05903707778903041
5,19.0,5.592841244095852e-05,5.592841280112818e-05,5.592841253822021e-05,5.5928412374471014e-05,5.592841264070827e-05,5.592841284333411e-05,5.5928411633175554e-05,5.592841289716513e-05,5.592841277785269e-05,0.5281161155048686,5.5928412948162526e-05,5.5928411633175554e-05,5.592841294436191e-05,5.5928412809757966e-05,0.4172565153043824,5.592841209647912e-05,5.5928412908402914e-05,5.592841262382045e-05,5.592841249675676e-05,0.053676586177341
5,20.0,0.7427138292459511,5.422993619372895e-05,5.422993568902106e-05,5.4229935476829394e-05,5.422993579562879e-05,5.422993588171974e-05,5.422993492410463e-05,5.4229936087801246e-05,5.422993636260713e-05,5.422993603021726e-05,5.4229936091209666e-05,5.422993492410463e-05,5.422993596424966e-05,5.422993578911349e-05,5.422993629646976e-05,5.422993619868839e-05,0.256310031908331,5.4229936014299006e-05,5.4229935824728947e-05,5.4229936173313064e-05
5,21.0,4.642525663639858e-05,4.642525641172757e-05,4.6425256051694885e-05,4.6425256012600405e-05,4.6425256216054304e-05,4.64252562619465e-05,4.6425255338950935e-05,4.642525651682646e-05,4.642525662202426e-05,4.642525646934128e-05,4.642525644891649e-05,4.6425255338950935e-05,4.6425256402244167e-05,4.642525633772309e-05,0.8892332403380502,0.043078392040304954,4.642525622666744e-05,4.642525613505081e-05,4.6425256171829934e-05,0.06689913826604608
5,22.0,4.233700328964804e-05,4.2337003539128535e-05,4.233700316385743e-05,4.2337003064490886e-05,4.233700323260562e-05,4.233700345220564e-05,4.233700254026204e-05,0.8170626520112025,4.2337003340142166e-05,4.23370033044845e-05,4.233700352454752e-05,4.233700254026204e-05,0.06581689814820546,4.2337003481340946e-05,0.050936231289458817,4.23370030635498e-05,4.233700344847113e-05,4.233700335022286e-05,4.233700320326352e-05,0.06550682649959458
5,23.0,4.7801148084641905e-05,4.780114825957239e-05,4.780114819650327e-05,4.780114785375669e-05,4.7801147911045064e-05,4.7801148216772106e-05,4.780114722757691e-05,0.7017214742051645,4.780114793210952e-05,4.780114799192361e-05,4.780114826897724e-05,4.780114722757691e-05,4.7801148365838704e-05,4.7801148089368986e-05,0.29741810513072,4.780114769063959e-05,4.7801148056302934e-05,4.780114842672839e-05,4.780114799828382e-05,4.780114831759415e-05
5,24.0,4.347826158272826e-05,4.347826180352648e-05,4.347826164028167e-05,4.347826142414024e-05,4.3478261540372746e-05,4.347826177028493e-05,4.3478260869606806e-05,0.06411362902888106,4.3478261591102146e-05,4.347826166982472e-05,4.3478261792187435e-05,4.3478260869606806e-05,0.1059984098461992,4.34782617294099e-05,0.5607821165045707,4.347826142348059e-05,4.347826170011604e-05,4.347826174081811e-05,4.347826156597756e-05,0.26841019243563574
5,25.0,0.03134044200139404,4.595588331705743e-05,4.595588314805116e-05,4.595588269663786e-05,4.595588318460021e-05,4.595588334154067e-05,4.5955882352990636e-05,0.2854127366311911,4.5955883238815e-05,4.595588353403155e-05,4.595588368199497e-05,4.5955882352990636e-05,4.595588337875198e-05,4.595588339308719e-05,0.6824655713536666,4.595588296689513e-05,4.595588347953448e-05,4.595588316961887e-05,4.5955883133221625e-05,4.595588337825426e-05
5,26.0,4.295532720859868e-05,4.295532747638792e-05,4.2955327249430616e-05,4.295532708713757e-05,4.2955327373999164e-05,4.2955327556388695e-05,4.295532646051969e-05,4.295532748901393e-05,4.2955327350797623e-05,0.008490142711265245,4.295532752025345e-05,4.295532646051969e-05,4.295532756828323e-05,4.2955327307461975e-05,0.9907366613983046,4.295532683199759e-05,4.2955327317788736e-05,4.2955327215535434e-05,4.295532727950981e-05,4.29553276767214e-05
5,27.0,4.7528517960007726e-05,4.7528518246626084e-05,4.752851801653083e-05,4.752851773173229e-05,4.7528517969878926e-05,4.7528518294463984e-05,4.7528517110314465e-05,0.3273928799466859,4.752851799071048e-05,4.7528518182573324e-05,0.07031512281105587,4.7528517110314465e-05,0.09107481165681429,0.180285807683638,0.2915134710051418,0.0283043345245072,4.752851807884335e-05,4.752851821651408e-05,4.752851803691131e-05,0.010495701639211841
5,28.0,4.152823978721888e-05,4.152824026521122e-05,4.152823972044611e-05,4.1528239825599246e-05,4.152824031882076e-05,0.00847841671580522,4.152823920270039e-05,0.06418369505391176,0.004328391173876119,4.152824027895835e-05,4.1528240209081886e-05,4.152823920270039e-05,0.26829575455196103,4.1528240031409624e-05,0.6461584164161667,4.15282400150296e-05,4.152824011126137e-05,4.1528240189322004e-05,4.152824004299233e-05,0.007973930729078696
5,29.0,5.112474540538783e-05,5.11247453686669e-05,5.1124745243561354e-05,5.1124744970666936e-05,5.112474511475509e-05,5.1124745292232233e-05,5.1124744376317666e-05,5.1124745705723754e-05,5.11247451147995e-05,5.112474522127438e-05,5.1124745540423167e-05,5.1124744376317666e-05,5.1124745464216215e-05,5.1124745311328395e-05,0.9990286298408957,5.112474503459425e-05,5.112474549205415e-05,5.112474515549908e-05,5.1124745335691244e-05,5.1124745580951416e-05
5,30.0,4.251700771356681e-05,4.25170078441421e-05,4.251700741593743e-05,4.251700730113174e-05,4.251700759659441e-05,4.2517007734405096e-05,4.2517006802753876e-05,0.03156064174989372,4.251700762666856e-05,0.09995824404968691,4.2517007868278647e-05,4.2517006802753876e-05,0.03631517901020977,4.251700790507095e-05,0.332445881307966,0.4990822987690187,4.2517007700912844e-05,4.251700752678751e-05,4.251700751663723e-05,4.2517007869124074e-05
5,31.0,4.240882177340673e-05,4.240882193065121e-05,4.240882161926132e-05,4.240882165126573e-05,4.2408821797748976e-05,4.240882200145765e-05,4.240882103481323e-05,4.2408821971350195e-05,4.240882167874495e-05,4.240882224417657e-05,0.25407008482933335,4.240882103481323e-05,4.240882196369083e-05,4.2408821814545375e-05,0.7451665563787012,4.240882201258963e-05,4.240882191479816e-05,4.2408821752849135e-05,4.240882180767586e-05,4.240882196152973e-05
5,32.0,6.418485346146796e-05,6.4184853930339e-05,6.418485346917989e-05,6.418485317379751e-05,6.418485325157213e-05,6.41848537945922e-05,6.418485237491254e-05,0.05240887470111591,6.418485357777229e-05,6.418485340937346e-05,6.418485387309961e-05,6.418485237491254e-05,6.418485394723232e-05,6.418485404279858e-05,0.6467425458900627,6.418485375868946e-05,6.418485379170503e-05,6.418485360564471e-05,6.418485346968014e-05,0.2997574368995145
5,33.0,9.225092414056451e-05,9.225092480125777e-05,9.225092357173964e-05,9.225092388903806e-05,9.22509239500169e-05,9.22509244895265e-05,9.225092250928468e-05,9.225092429760179e-05,9.225092422975479e-05,9.225092477333261e-05,0.8202446576914352,9.225092250928468e-05,9.225092457294214e-05,9.2250924544143e-05,9.225092462904726e-05,0.17809482567427617,9.225092433686423e-05,9.2250924303578e-05,9.225092398970691e-05,9.225092475075955e-05
5,34.0,5.9665871846074094e-05,0.14488414573643707,5.966587191863605e-05,5.9665872061291606e-05,5.966587191747886e-05,0.35483820569939334,5.966587112177587e-05,5.966587232572462e-05,5.966587227176281e-05,5.966587209375518e-05,5.966587242051546e-05,5.966587112177587e-05,0.49212927064853507,5.966587251476952e-05,5.966587243769554e-05,5.966587215295649e-05,5.966587226927122e-05,0.007193723962499895,5.966587201027406e-05,5.9665872650679466e-05
5,35.0,4.012841129831585e-05,4.0128411483373104e-05,4.012841127750973e-05,4.012841127410756e-05,4.012841139969575e-05,0.9992375601840502,4.012841091493909e-05,4.012841145454199e-05,4.0128411432196254e-05,4.0128411428411664e-05,4.0128411572432134e-05,4.012841091493909e-05,4.012841152741092e-05,4.0128411435340434e-05,4.0128411467864154e-05,4.012841124497683e-05,4.012841145211022e-05,4.0128411428924003e-05,4.012841138848013e-05,4.012841155423714e-05
5,36.0,8.347245527229941e-05,8.347245583384421e-05,8.347245539686195e-05,8.347245525215893e-05,8.347245506655825e-05,0.2978565598857404,8.347245409022648e-05,8.347245586602484e-05,0.11777094862866909,8.347245557067332e-05,0.00678440256316741,8.347245409022648e-05,0.29549389465540454,8.34724557275722e-05,8.347245570470749e-05,8.347245562199116e-05,8.347245559625253e-05,8.34724554957517e-05,8.347245549051376e-05,0.28084210743694293
5,37.0,5.1387462516862186e-05,5.13874624673146e-05,5.13874625394159e-05,5.13874621105198e-05,5.1387462391732773e-05,5.138746265911155e-05,5.138746145945174e-05,0.6052806994967613,5.138746207372708e-05,5.138746264716901e-05,5.138746257565345e-05,5.138746145945174e-05,0.3812731893701146,5.138746256300092e-05,5.13874626336559e-05,5.1387462123342076e-05,5.138746237372259e-05,5.138746231766713e-05,5.138746210544308e-05,0.012572524274106947
5,38.0,4.975124496709048e-05,4.97512449982091e-05,4.975124466846704e-05,4.975124452803545e-05,4.975124479232613e-05,4.975124505363444e-05,4.975124378113956e-05,0.4928063696334449,4.975124466127677e-05,4.975124465333118e-05,4.9751244828501695e-05,4.975124378113956e-05,4.975124495959696e-05,4.975124473081135e-05,0.49075384380319936,0.015594015403418407,4.975124497094407e-05,4.9751244792577625e-05,4.975124469696639e-05,4.975124507341176e-05
6,1.0,7.587253553818245e-05,7.58725353737748e-05,7.58725352707634e-05,7.587253491871934e-05,7.587253539552745e-05,7.587253556410798e-05,7.587253414267544e-05,7.587253639802044e-05,7.587253517883371e-05,7.587253547090094e-05,7.587253576153803e-05,7.587253414267544e-05,7.587253585227483e-05,7.587253546046783e-05,7.587253565407307e-05,7.587253474319617e-05,0.9985584218290138,7.587253529436612e-05,7.587253513174513e-05,7.587253569440013e-05
6,2.0,7.69230784732905e-05,7.692307838736722e-05,7.692307929781947e-05,7.692307784080523e-05,7.692307792080977e-05,7.692307843977176e-05,7.692307692314366e-05,7.692307871982406e-05,7.692307807216029e-05,7.692307787429234e-05,0.07108099284739483,7.692307692314366e-05,0.7923478596834804,7.692307809799698e-05,7.692307871291928e-05,7.692307746936603e-05,7.692307854696446e-05,7.692307867478821e-05,7.692307799133791e-05,0.1352634551407588
6,3.0,6.802721206899357e-05,6.80272120255857e-05,6.802721245582651e-05,6.802721145418133e-05,6.802721159843949e-05,6.802721271532953e-05,6.802721088441687e-05,0.6258556552076676,6.802721186757126e-05,6.802721167946462e-05,0.2608460535229668,6.802721088441687e-05,6.802721235030615e-05,6.802721225842349e-05,6.802721241499475e-05,6.80272114303454e-05,6.802721230567951e-05,6.802721189609802e-05,6.80272121436669e-05,0.11214182866693187
6,4.0,6.0827251878107786e-05,6.0827251761381184e-05,6.0827251962057506e-05,6.082725113807831e-05,6.082725137666004e-05,0.28239635472027325,6.082725060833117e-05,0.5185484297049627,6.0827251525718e-05,6.082725158660095e-05,6.082725206208881e-05,6.082725060833117e-05,6.08272521765678e-05,6.0827251865911535e-05,6.082725206224004e-05,6.082725224698047e-05,6.08272518852588e-05,6.0827251560475825e-05,6.082725165298609e-05,0.1980211522968062
6,5.0,6.0975610797963624e-05,6.097561099027747e-05,6.0975610642854354e-05,6.097561053309109e-05,6.097561067747254e-05,6.097561136780058e-05,6.097560975616139e-05,0.7559676783746256,6.09756107511694e-05,6.097561089790121e-05,6.0975611271505945e-05,6.097560975616139e-05,6.0975611048876176e-05,6.0975610962176905e-05,0.2429347606316837,6.0975610313690954e-05,6.0975610947722065e-05,6.097561082604156e-05,6.097561089351983e-05,6.097561125615762e-05
6,6.0,6.36942690126133e-05,6.369426890749594e-05,6.369426846869606e-05,6.369426806989657e-05,6.369426855271136e-05,6.36942692591712e-05,6.369426751597727e-05,0.998789808895237,6.369426858117701e-05,6.369426887276614e-05,6.36942689182793e-05,6.369426751597727e-05,6.369426889965946e-05,6.369426888810348e-05,6.369426899151986e-05,6.369426879012215e-05,6.369426888692639e-05,6.369426896819577e-05,6.369426860121239e-05,6.369426906264276e-05
6,7.0,6.0827251547314424e-05,6.082725258300383e-05,6.082725166005158e-05,6.082725120512833e-05,6.082725154453645e-05,6.082725186436194e-05,6.0827250608321136e-05,0.9988442822193097,6.082725145989072e-05,6.0827251650361443e-05,6.082725178361173e-05,6.0827250608321136e-05,6.082725194450155e-05,6.082725182666257e-05,6.082725204680795e-05,6.0827251122670834e-05,6.082725177443635e-05,6.082725154406221e-05,6.0827252101886024e-05,6.082725181440708e-05
6,8.0,8.517887739360715e-05,0.09120533714309688,8.517887728638636e-05,8.517887698567873e-05,8.517887708652064e-05,8.517887779787514e-05,8.517887563892315e-05,0.19357637084293006,8.517887703529278e-05,8.517887746658914e-05,8.517887771468657e-05,8.517887563892315e-05,0.019812414734417114,8.517887734089141e-05,0.6132949177734571,8.517887806607736e-05,0.08083327634806436,8.51788772245856e-05,8.517887757703695e-05,8.517887778128267e-05
6,9.0,6.297229322410216e-05,6.297229336342933e-05,6.297229333597254e-05,6.297229260213089e-05,6.297229333422393e-05,6.297229318375273e-05,6.297229219148999e-05,6.297229364907772e-05,6.297229369816134e-05,6.297229351698167e-05,0.2888758005511296,6.297229219148999e-05,6.297229357989052e-05,6.297229382242813e-05,0.6672193913295307,6.297229284898907e-05,6.297229331001479e-05,0.04283427913503568,6.29722931795568e-05,6.297229327242549e-05
6,10.0,5.24658982919743e-05,5.246589820962451e-05,5.24658984092959e-05,5.246589750779457e-05,5.246589783830524e-05,5.246589809055925e-05,5.246589716688139e-05,0.08576220592629724,5.246589809397056e-05,5.2465898030466376e-05,5.246589842610766e-05,5.246589716688139e-05,0.9132934079092996,5.2465898279761237e-05,5.246589840192389e-05,5.246589784155418e-05,5.2465898098240755e-05,5.24658981582703e-05,5.246589805476283e-05,5.246589833671583e-05
6,11.0,0.0034196428641947775,7.38552453502552e-05,7.3855245618704e-05,7.385524421326553e-05,7.385524491646472e-05,7.385524499574784e-05,7.385524372236696e-05,7.385524564175957e-05,7.385524506907276e-05,0.18134022636439281,7.385524511845445e-05,7.385524372236696e-05,7.385524537118523e-05,7.385524548593266e-05,0.8139845916051559,7.38552455336541e-05,7.385524535660068e-05,7.385524558900305e-05,7.385524519570193e-05,7.385524535600887e-05
6,12.0,7.09219878453095e-05,7.092198725312163e-05,7.092198699334601e-05,7.092198634594995e-05,7.092198697773406e-05,7.092198793776143e-05,7.09219858156671e-05,7.09219875775809e-05,7.092198680292211e-05,7.092198726118007e-05,0.5633029810571598,7.09219858156671e-05,7.092198754525047e-05,7.092198697070785e-05,0.4354204231765802,7.09219864757759e-05,7.092198731465083e-05,7.092198703672184e-05,7.092198696108426e-05,7.092198732969036e-05
6,13.0,6.906077488781469e-05,6.906077481212797e-05,6.906077461778946e-05,6.906077440182761e-05,6.906077429144715e-05,6.90607753092142e-05,6.906077348073883e-05,0.788559631840165,6.906077452333276e-05,6.90607745162226e-05,6.90607751353959e-05,6.906077348073883e-05,0.20243768745965074,6.906077495639495e-05,0.0078286475319528,6.906077391191848e-05,6.90607754667873e-05,6.906077482898574e-05,6.906077452703706e-05,6.906077508379301e-05
6,14.0,0.002107175288333069,5.694760950897241e-05,5.6947609820092984e-05,5.694760883835978e-05,5.694760922756122e-05,5.6947609473103424e-05,5.694760820052103e-05,5.6947609564179964e-05,5.694760903620134e-05,0.3844150139253503,5.6947609449709797e-05,5.694760820052103e-05,0.16185669667613947,5.694760949211679e-05,0.4507099523628751,5.694760917162593e-05,5.694760918416694e-05,5.694760920209607e-05,5.694760927741468e-05,5.694760965544637e-05
6,15.0,6.443299097142808e-05,6.44329910912247e-05,6.443299064885571e-05,6.443299019443996e-05,6.443299063289627e-05,6.4432990945885e-05,6.443298969078238e-05,6.443299115970402e-05,6.443299058064561e-05,6.443299140871251e-05,6.44329911527234e-05,6.443298969078238e-05,0.4519017300504968,6.443299108832665e-05,0.5469384761161526,6.443299052821291e-05,6.443299111139362e-05,6.443299098206535e-05,6.443299061388906e-05,6.443299085869245e-05
6,16.0,7.541478260937038e-05,7.54147826003542e-05,7.541478271894843e-05,7.541478207751449e-05,7.541478242234498e-05,7.541478270285459e-05,7.541478129720209e-05,0.16894857062484528,7.54147822882365e-05,7.5414782575771e-05,7.541478330853957e-05,7.541478129720209e-05,7.541478322387185e-05,7.541478269374501e-05,0.6500826339244054,7.541478212149728e-05,7.541478297089222e-05,7.541478292927646e-05,7.541478275493416e-05,0.17968674414815677
6,17.0,6.226650216120513e-05,6.226650212840829e-05,6.226650207934108e-05,6.226650135453557e-05,6.226650188202553e-05,6.226650196988407e-05,6.226650062271658e-05,0.808902135342119,6.22665015377149e-05,6.226650173349525e-05,6.226650202493652e-05,6.226650062271658e-05,0.1566185052081363,6.226650184450243e-05,0.033420828921134,6.226650114838729e-05,6.226650195096697e-05,6.226650185076636e-05,6.22665015836492e-05,6.226650211562915e-05
6,18.0,5.512679253826176e-05,5.5126792603602794e-05,5.5126792639395634e-05,5.5126792148109213e-05,5.512679236423296e-05,5.512679277446403e-05,5.5126791620776086e-05,5.512679523117843e-05,5.5126792525688177e-05,5.5126792552035055e-05,5.5126792838730134e-05,5.5126791620776086e-05,5.5126792773496806e-05,5.5126792529309195e-05,0.9989525909404046,5.512679204622267e-05,5.512679264814535e-05,5.51267929056723e-05,5.512679242108535e-05,5.512679281435213e-05
6,19.0,0.018434561732442768,5.8548010617818896e-05,5.8548010346002466e-05,5.854800989453526e-05,5.8548010398268905e-05,5.8548010605540584e-05,5.8548009367740134e-05,5.854801079853608e-05,5.854801022346953e-05,0.19947999422539028,5.854801062159587e-05,5.8548009367740134e-05,5.854801083876409e-05,5.85480104184997e-05,0.7810901278660364,5.85480106021494e-05,5.854801045916617e-05,5.854801029569023e-05,5.8548010395170865e-05,5.854801088004281e-05
6,20.0,5.773672201160733e-05,5.7736721684218087e-05,5.7736721768941195e-05,5.7736720972148225e-05,5.773672164441768e-05,5.773672159769073e-05,5.773672055431838e-05,0.9817744369334923,5.773672143559862e-05,5.7736721618748735e-05,5.7736721645582854e-05,5.773672055431838e-05,0.017186302079179108,5.7736721768559136e-05,5.773672201055649e-05,5.773672110001243e-05,5.7736721699084416e-05,5.7736721977211235e-05,5.77367214111834e-05,5.773672187445313e-05
6,21.0,7.183908229975795e-05,7.183908202097847e-05,7.183908178403713e-05,7.183908109790897e-05,7.183908154516183e-05,7.183908171441274e-05,7.183908045983019e-05,7.18390820549462e-05,7.183908165327163e-05,7.183908161739804e-05,7.183908234022644e-05,7.183908045983019e-05,0.07053791474998833,7.183908195923546e-05,0.9281689817801827,7.183908103007034e-05,7.183908204427268e-05,7.183908194919281e-05,7.183908162098513e-05,7.183908217758342e-05
6,22.0,0.05288214052717176,6.0679612952051135e-05,6.0679612491291246e-05,6.0679612336387894e-05,6.067961244452259e-05,6.0679612806598177e-05,6.0679611650549395e-05,0.12815208908408054,6.0679612611709956e-05,6.067961291850493e-05,6.067961308161379e-05,6.0679611650549395e-05,6.0679613051047596e-05,6.0679612589033624e-05,0.6415998974593282,0.017334367648008882,6.0679612779305176e-05,6.0679612675420075e-05,6.067961253275337e-05,0.1591213110928392
6,23.0,0.9986768802061224,6.963788412216057e-05,6.963788397210055e-05,6.96378833941108e-05,6.963788382638983e-05,6.963788413923457e-05,6.96378830083778e-05,6.963788428305405e-05,6.963788376642648e-05,6.963788388023902e-05,6.963788407395831e-05,6.96378830083778e-05,6.96378845913893e-05,6.963788399095454e-05,6.963788431152673e-05,6.963788342060685e-05,6.963788407015092e-05,6.963788406103449e-05,6.963788377347341e-05,6.963788418393661e-05
6,24.0,5.903187810086513e-05,0.004032266366884972,5.903187814755786e-05,5.9031877778086895e-05,5.903187832225314e-05,5.903187846691675e-05,5.903187721374359e-05,5.903187862428691e-05,5.903187843355564e-05,0.14512135154434552,5.903187859613872e-05,5.903187721374359e-05,0.5984693288307477,5.9031878416568926e-05,0.2514325432074133,5.903187780969805e-05,5.903187836397507e-05,5.903187836211939e-05,5.903187828060061e-05,5.9031878478332244e-05
6,25.0,8.09061503627051e-05,8.090615070376303e-05,8.090615025416054e-05,8.090615004976495e-05,8.090615012469504e-05,0.00967913606276565,8.090614886739697e-05,0.45347566675982187,8.090615018583386e-05,8.090615048375958e-05,8.090615102434479e-05,8.090614886739697e-05,0.16307983439831533,8.090615048042454e-05,0.37247086437603466,8.090614986023213e-05,8.090615050117518e-05,8.090615030420211e-05,8.090615027049036e-05,8.090615072179328e-05
6,26.0,4.990020020354724e-05,4.9900200246184285e-05,4.9900200018462534e-05,4.990020003249658e-05,4.990020009575571e-05,4.990020034284757e-05,4.990019960081104e-05,4.990020024213439e-05,4.9900200363212695e-05,4.990020010393898e-05,4.99002002708475e-05,4.990019960081104e-05,4.990020199674886e-05,4.990020017000088e-05,4.990020024665646e-05,4.990020007428346e-05,4.99002001689892e-05,0.9990518961957267,4.9900200103643236e-05,4.990020039199104e-05
6,27.0,8.347245599697641e-05,8.347245589570056e-05,8.347245587450796e-05,8.347245499428022e-05,8.347245552247443e-05,0.9984140233446392,8.347245409018427e-05,8.347245599914973e-05,8.347245533663628e-05,8.347245584058567e-05,8.347245575406997e-05,8.347245409018427e-05,8.347245611306567e-05,8.347245563061034e-05,8.347245616955774e-05,8.347245508572276e-05,8.347245573279469e-05,8.347245576594148e-05,8.34724554597167e-05,8.347245600838724e-05
6,28.0,8.347245636580668e-05,0.08631380842397822,8.347245558810698e-05,8.347245529088369e-05,8.347245572583316e-05,0.047507208169546615,8.347245409021713e-05,8.347245564878985e-05,8.347245596097754e-05,8.347245567804428e-05,8.347245589045987e-05,8.347245409021713e-05,8.347245629331912e-05,8.347245565984618e-05,8.347245617067077e-05,0.02404569026702103,8.347245617225853e-05,8.347245568994421e-05,8.347245559665371e-05,0.8407977338495422
6,29.0,7.235890174279129e-05,7.235890198374014e-05,7.235890134512094e-05,7.235890104248422e-05,7.23589012098486e-05,7.23589016872448e-05,7.235890014478219e-05,7.235890181919677e-05,7.23589009992497e-05,7.235890122353718e-05,7.235890165762247e-05,7.235890014478219e-05,0.16234348401795973,7.235890149959913e-05,0.725925461339031,7.235890089162108e-05,7.235890153953529e-05,7.235890124918281e-05,7.235890141889141e-05,0.11050095332141004
6,30.0,6.79347839726462e-05,6.793478404362374e-05,6.793478387799931e-05,6.793478325853807e-05,6.793478369937e-05,6.793478390475906e-05,6.793478260875413e-05,0.4449195517923262,0.023603393079601586,6.793478418217436e-05,6.793478416427556e-05,6.793478260875413e-05,0.29753330814229306,6.793478432677633e-05,0.22023050249531403,0.012694222733848005,6.793478416321886e-05,6.79347838120927e-05,6.793478374177758e-05,6.793478425215667e-05
7,1.0,9.784735946590774e-05,9.784735994836654e-05,0.008008207426150927,9.784735911720293e-05,9.784735983108972e-05,9.784736020646042e-05,9.784735812142237e-05,9.784736044477375e-05,9.784735982911462e-05,9.784735971335509e-05,9.784736054806516e-05,9.784735812142237e-05,0.20237692886343683,9.784736006419223e-05,9.784736045564562e-05,9.784735915160705e-05,9.784736059552378e-05,9.784735975523042e-05,9.784735955557234e-05,0.7879514585954873
7,2.0,8.025682361046853e-05,8.02568231856348e-05,0.11673740868263063,8.025682228926563e-05,8.025682287938457e-05,8.02568230999146e-05,8.025682182992596e-05,0.8818179685029447,8.025682328291442e-05,8.025682300096485e-05,8.025682331675556e-05,8.025682182992596e-05,8.025682377525125e-05,8.025682299321439e-05,8.025682337717669e-05,8.025682291423392e-05,8.025682340759574e-05,8.025682273453622e-05,8.025682312341578e-05,8.025682377396966e-05
7,3.0,0.01885403496265961,0.00010141988013813785,0.00010141988056928485,0.00010141987936523452,0.00010141987929434492,0.00010141988000360457,0.00010141987829626842,0.7628783704741435,0.00010141987933297465,0.00010141987966197461,0.09104113059146855,0.00010141987829626842,0.00010141988085352041,0.00010141988056902098,0.026024848719697635,0.00010141987977546076,0.00010141988076624901,0.00010141988007363342,0.00010141988059251304,0.09968031705444211
7,4.0,6.165228215040407e-05,6.165228237668182e-05,6.16522819113396e-05,6.165228205595803e-05,6.165228222745764e-05,6.165228242501443e-05,6.16522811344275e-05,6.165228235629359e-05,6.16522821227528e-05,6.165228232057608e-05,6.165228241852265e-05,6.16522811344275e-05,6.165228244444119e-05,6.165228215693887e-05,6.165228230101526e-05,6.165228197275145e-05,6.165228223416349e-05,0.0671567429882826,0.8495702213588279,0.08222494685714643
7,5.0,6.887052526752836e-05,6.887052475448346e-05,6.887052445848852e-05,6.88705242824253e-05,6.887052447046419e-05,6.887052495075165e-05,6.887052341602933e-05,6.887052498730346e-05,6.887052474479766e-05,6.887052464439383e-05,0.45367539260469997,6.887052341602933e-05,6.887052501294375e-05,6.887052449227159e-05,6.88705249158432e-05,6.887052543947105e-05,6.887052479499579e-05,6.887052459161297e-05,0.012520922213742593,0.5326328862629176
7,6.0,0.029476223323923367,6.165228236547238e-05,6.165228250932737e-05,6.16522815432816e-05,6.165228208572676e-05,6.165228227699687e-05,6.165228113446281e-05,0.329998208561781,6.165228206847264e-05,6.165228229058815e-05,6.165228259147557e-05,6.165228113446281e-05,6.165228256225891e-05,6.165228240238483e-05,0.044882494182797515,6.165228179995185e-05,6.16522824144116e-05,6.165228208223786e-05,6.16522824559261e-05,0.5946566374177806
7,7.0,6.127451174728362e-05,6.127451110768376e-05,6.127451074750215e-05,6.127451043314787e-05,6.127451086641739e-05,6.12745109006161e-05,6.127450980397658e-05,0.5632213714624638,6.127451072735334e-05,6.127451138621314e-05,0.43567568733996376,6.127450980397658e-05,6.127451134360876e-05,6.127451154706292e-05,6.127451128533258e-05,6.12745117331866e-05,6.127451131754822e-05,6.127451066940768e-05,6.127451080645483e-05,6.127451134577481e-05
7,8.0,5.861664817331404e-05,5.8616648167399516e-05,5.861664815466852e-05,5.8616647709893426e-05,5.8616647844873595e-05,5.861664812521077e-05,5.861664712781049e-05,5.861664838560808e-05,5.8616647965069034e-05,5.861664798247113e-05,5.861664837628692e-05,5.861664712781049e-05,5.8616648520092224e-05,0.9988862836874592,5.8616648360035313e-05,5.861664769935271e-05,5.8616648183027904e-05,5.861664807631225e-05,5.8616648095253654e-05,5.861664846628461e-05
7,9.0,7.949125725210471e-05,7.949125767895709e-05,7.94912575436199e-05,7.94912570366606e-05,7.949125765600928e-05,0.05797313888562472,7.949125596191878e-05,7.949125790521967e-05,7.949125784364044e-05,7.949125770129658e-05,0.31976859894348636,7.949125596191878e-05,7.949125777022162e-05,7.949125852697335e-05,7.949125772016272e-05,7.949125668443478e-05,7.949125750644541e-05,7.949125775080642e-05,7.949125724921562e-05,0.6209069107951394
7,10.0,4.9900200436546185e-05,4.990020065626249e-05,0.040526569130020826,4.99002002677896e-05,4.99002005734107e-05,4.9900200604611176e-05,4.9900199600852306e-05,0.5760549624593608,4.990020051990465e-05,4.990020069487087e-05,4.990020081607993e-05,4.9900199600852306e-05,0.2438412507625722,4.990020087760172e-05,0.007146709163072436,4.99002000011608e-05,4.990020042705863e-05,0.04583705365618513,4.9900200392871655e-05,0.08589485202331869
7,11.0,6.793478391900229e-05,6.793478391277026e-05,0.03558783016595735,6.793478341334592e-05,6.793478348914963e-05,6.793478401185284e-05,6.793478260877152e-05,0.2136256562963641,6.793478354761301e-05,6.793478371856001e-05,6.793478446923827e-05,6.793478260877152e-05,0.08890497905047873,6.793478409397449e-05,0.24364315015565055,6.793478315600289e-05,6.793478404761893e-05,6.793478369252701e-05,6.7934783828445e-05,0.41721936257703157
7,12.0,5.5679288323435195e-05,5.567928853603448e-05,5.5679288094703475e-05,5.5679287759358225e-05,5.5679288298668345e-05,5.5679288338175425e-05,5.5679287305183604e-05,0.32704231015359686,5.56792882140377e-05,5.567928811985303e-05,0.004735121835075362,5.5679287305183604e-05,0.30567385615817677,5.567928852759587e-05,0.14421267189920917,5.567928764888576e-05,5.567928863444636e-05,5.5679288395144917e-05,5.5679288320998464e-05,0.21750085063212016
7,13.0,5.5005501340279125e-05,5.5005501810322956e-05,5.500550137880319e-05,5.500550115534323e-05,5.500550121263179e-05,5.5005501751770814e-05,5.5005500550086575e-05,5.500550170836292e-05,5.500550136309866e-05,5.500550123492067e-05,0.853437489413679,5.5005500550086575e-05,0.14557241156174078,5.5005501692273546e-05,5.500550163445645e-05,5.500550121820484e-05,5.5005501569199964e-05,5.500550130468362e-05,5.500550136791018e-05,5.5005501737774116e-05
7,14.0,8.710801598685003e-05,8.710801570380392e-05,8.710801520678517e-05,8.710801464647736e-05,8.71080151372171e-05,8.710801542113607e-05,8.710801393735226e-05,8.710801584335218e-05,8.710801581596572e-05,8.710801558034487e-05,8.710801581309063e-05,8.710801393735226e-05,8.710801784033708e-05,8.710801545412326e-05,8.710801584220376e-05,8.710801523075506e-05,8.710801548989049e-05,8.710801568834337e-05,8.71080151377769e-05,0.9983449477062868
7,15.0,5.428881785904183e-05,5.428881760620877e-05,5.4288817355276864e-05,5.4288817255837195e-05,5.4288817490942594e-05,5.428881738094817e-05,5.428881650385488e-05,0.6663771113357323,5.428881744824542e-05,5.428881771847207e-05,5.4288817799712063e-05,5.428881650385488e-05,0.1330360232535317,5.428881760389132e-05,5.428881777589974e-05,5.4288817441652426e-05,5.4288817661986546e-05,5.4288817516379746e-05,5.428881744786669e-05,0.19966395551436578
7,16.0,6.811989198272889e-05,6.811989235063608e-05,6.811989246568988e-05,6.811989163863588e-05,6.811989218763553e-05,6.81198921995054e-05,6.811989100824198e-05,0.27363382168511047,6.811989239336147e-05,6.811989242763394e-05,6.811989265367602e-05,6.811989100824198e-05,0.7058643383944919,6.811989252849015e-05,6.811989274880323e-05,6.811989196397182e-05,6.81198927445308e-05,6.811989218602069e-05,6.811989221218407e-05,0.019343801753697768
7,17.0,5.952381028211943e-05,5.95238106230896e-05,5.9523810398700544e-05,5.952381014822442e-05,5.9523810508579156e-05,5.952381080595437e-05,5.952380952385536e-05,5.952381090198435e-05,5.952381052571487e-05,5.952381037828311e-05,5.95238107942899e-05,5.952380952385536e-05,0.09772840808180332,5.952381047145481e-05,5.952381059860253e-05,5.9523810341774e-05,5.9523810668547894e-05,5.952381060760183e-05,5.9523810397711135e-05,0.9012001633306963
7,18.0,0.00010460251202677597,0.00010460251187133953,0.9980125522768147,0.00010460251141955202,0.00010460251146435097,0.00010460251205142893,0.00010460251046027484,0.00010460251220506951,0.00010460251173646464,0.00010460251177360078,0.00010460251209451264,0.00010460251046027484,0.00010460251255200207,0.00010460251183461196,0.00010460251208851718,0.00010460251117157393,0.00010460251199137513,0.0001046025117037075,0.00010460251171704287,0.0001046025125627516
7,19.0,5.52486195690345e-05,5.524861969738803e-05,5.5248619657850344e-05,5.5248619420032265e-05,5.5248619539846254e-05,5.524861982984096e-05,5.524861878456033e-05,5.5248619864466725e-05,5.524862008122966e-05,5.524861992260375e-05,5.5248620012264454e-05,5.524861878456033e-05,0.9685127193920182,5.5248619629598455e-05,5.524861988051833e-05,5.524862000971932e-05,5.5248619713914886e-05,5.524862000410397e-05,5.524861960435774e-05,0.030492805453976056
7,20.0,8.375209512776587e-05,8.375209596267023e-05,8.375209550090493e-05,8.375209429386205e-05,8.375209580490754e-05,8.375209527675137e-05,8.375209380241971e-05,0.031922974802928064,8.375209533048258e-05,8.375209561889443e-05,8.375209584457557e-05,8.375209380241971e-05,8.375209582603285e-05,8.375209538607733e-05,8.375209615243167e-05,8.375209516108159e-05,8.375209537134128e-05,8.375209547381213e-05,8.375209507836251e-05,0.9665694874822572
7,21.0,7.183908161786218e-05,7.183908190065936e-05,7.183908228126698e-05,7.183908114381288e-05,7.183908115243965e-05,7.183908170959908e-05,7.183908045983007e-05,7.183908218403153e-05,7.183908149461611e-05,7.183908149785628e-05,7.18390820354119e-05,7.183908045983007e-05,7.183908192984981e-05,7.183908194510222e-05,0.06378678194510373,7.183908120523313e-05,7.183908205946715e-05,7.18390813508908e-05,7.183908186285443e-05,0.9349201145866057
7,22.0,6.973500880247116e-05,6.973500836721103e-05,6.973500870320101e-05,6.973500742900837e-05,6.973500851229786e-05,6.973500803636032e-05,6.973500697357533e-05,6.973500873306857e-05,6.973500806034808e-05,6.973500869217177e-05,0.26817375757267375,6.973500697357533e-05,0.1410540339276752,6.97350086074283e-05,6.97350086472475e-05,6.973500796168406e-05,6.973500829989468e-05,6.973500819111129e-05,6.973500803389737e-05,0.5895867133606266
7,23.0,3.974562851610831e-05,3.974562867657458e-05,3.974562861994052e-05,3.974562845819013e-05,3.974562842383897e-05,3.974562882469096e-05,3.9745627980947394e-05,3.9745628718701456e-05,3.974562870742814e-05,3.974562856878037e-05,0.674439473207512,3.9745627980947394e-05,3.974562880946479e-05,3.974562862923289e-05,3.97456286444421e-05,3.9745628332475046e-05,3.9745628519075015e-05,3.9745628680075975e-05,3.974562852743527e-05,0.3248451054788697
7,24.0,5.1759835196164e-05,5.175983523919477e-05,5.1759835170707105e-05,5.175983485127963e-05,5.1759835157081767e-05,5.175983509330254e-05,5.175983436856659e-05,5.175983545400749e-05,5.175983536030179e-05,5.175983515024037e-05,5.1759835403369776e-05,5.175983436856659e-05,5.1759835627089514e-05,5.175983530375463e-05,5.175983537021101e-05,5.175983484696308e-05,5.175983514679719e-05,5.1759835682548095e-05,5.175983503520337e-05,0.9990165631321747
7,25.0,7.974481798628622e-05,7.974481852188669e-05,7.974481756539409e-05,7.974481713395387e-05,7.974481759094398e-05,7.974481803909253e-05,7.974481658699563e-05,0.5036110521586937,7.974481759817563e-05,7.974481805344005e-05,7.974481840215923e-05,7.974481658699563e-05,7.974481842395126e-05,7.974481805492609e-05,7.974481821452379e-05,7.974481713805217e-05,7.974481838498818e-05,7.974481845063509e-05,7.974481772658856e-05,0.4949535411208473
7,26.0,4.770992445668934e-05,4.770992467778586e-05,4.770992418305833e-05,4.770992400110224e-05,4.770992442999056e-05,4.770992457660974e-05,4.770992366415738e-05,4.770992465645858e-05,4.7709924407988226e-05,4.770992447331571e-05,4.770992459361712e-05,4.770992366415738e-05,4.770992460774731e-05,4.770992457930229e-05,4.770992468775059e-05,4.77099244081728e-05,4.7709924541895834e-05,4.7709946530437444e-05,4.7709924455582764e-05,0.9990935114144041
7,27.0,0.00014326647911261714,0.00014326647906127063,0.00014326647749923313,0.00014326647780795387,0.00014326647754391567,0.00014326647772756217,0.00014326647564481622,0.00014326647833548694,0.08830304218316856,0.00014326647816468384,0.0001432664782984665,0.00014326647564481622,0.4249251018445281,0.000143266477686731,0.0001432664785122481,0.00014326647744520178,0.00014326647836775548,0.0001432664790468191,0.00014326647767076448,0.48433632584873304
7,28.0,8.445946125013086e-05,8.445946129213098e-05,8.445946137545393e-05,8.445946036238409e-05,8.445946044367644e-05,8.445946092546835e-05,8.445945945952614e-05,0.006905680342513345,8.445946102212752e-05,8.445946083389425e-05,0.6701300819417813,8.445945945952614e-05,0.05818532457284132,8.445946098946441e-05,8.445946122031442e-05,8.445946006220297e-05,8.445946136582814e-05,8.445946124752657e-05,8.445946080417306e-05,0.26342756177075033
7,29.0,8.771929984104536e-05,0.9818586157734988,8.771930014163198e-05,8.771929912017041e-05,8.771929943069716e-05,8.771929997000743e-05,8.771929824566756e-05,8.771930026490195e-05,8.771929983396205e-05,8.771929998278773e-05,8.77193002633691e-05,8.771929824566756e-05,8.77193004885056e-05,8.771929983768644e-05,8.77193002960192e-05,8.771929917119288e-05,8.771930008567565e-05,8.771929970077408e-05,8.771929979012718e-05,0.01656243683179125
7,30.0,7.215007311355515e-05,0.2201065202818549,7.215007383501749e-05,7.215007298676888e-05,7.215007346636948e-05,7.215007396626228e-05,7.215007215014907e-05,7.215007387956846e-05,7.215007330624158e-05,7.215007343796059e-05,7.215007374227995e-05,7.215007215014907e-05,0.1562017120268549,7.215007345127553e-05,0.19330397752939849,7.21500730020242e-05,7.215007359101144e-05,7.215007420016166e-05,7.215007337277755e-05,0.42923338898824015
7,31.0,4.284490245986569e-05,0.9549525055794448,4.2844902086663186e-05,4.2844901887839135e-05,4.2844902016983464e-05,4.284490245526384e-05,4.284490145675238e-05,4.284490234700983e-05,4.284490214285395e-05,4.284490210012724e-05,4.2844902391462036e-05,4.284490145675238e-05,4.28449025191674e-05,4.284490223819874e-05,4.284490233669532e-05,4.2844902124708064e-05,4.2844902317084784e-05,4.2844902265146926e-05,4.2844902180656426e-05,0.04427628618177212
7,32.0,5.8004641563793724e-05,0.025042314334588377,5.800464170746991e-05,5.800464139263004e-05,5.8004641340050974e-05,5.800464190758896e-05,5.8004640371287304e-05,5.800464156998839e-05,5.800464144990728e-05,5.800464188086587e-05,0.04225147868247925,5.8004640371287304e-05,5.800464172925961e-05,5.800464141936651e-05,5.8004641843284124e-05,5.800464194059677e-05,5.800464163401321e-05,5.800464175280804e-05,5.8004641407491114e-05,0.9317201280776507
7,33.0,4.280822004664145e-05,4.280822022753419e-05,4.2808219887967075e-05,4.280821969355102e-05,4.280821983415243e-05,4.280822002471817e-05,4.280821917810783e-05,4.2808242817163844e-05,4.280821980816011e-05,4.2808219942318204e-05,4.280821992867305e-05,4.280821917810783e-05,0.9991866437993058,4.280821993245522e-05,4.2808220138740835e-05,4.280821980086976e-05,4.280822008580104e-05,4.280822004968917e-05,4.280822001439162e-05,4.280822010547433e-05
7,34.0,9.560229680106805e-05,9.560229685513285e-05,9.560229630013018e-05,9.560229560017538e-05,9.560229692654024e-05,9.56022964216824e-05,9.560229445516297e-05,0.12461600715682251,9.560229638550874e-05,9.560229710443734e-05,9.560229664183322e-05,9.560229445516297e-05,0.2574011348376281,9.560229625642108e-05,9.560229673844767e-05,9.560229743039624e-05,9.560229660476488e-05,9.560229658429648e-05,9.560229639864102e-05,0.6163576189675896
7,35.0,8.44594614547199e-05,8.445946093401251e-05,0.06088608681971087,8.445946028149173e-05,8.445946100344532e-05,8.445946096213194e-05,8.445945945952601e-05,8.445946153359709e-05,8.445946067692082e-05,8.445946120344299e-05,8.445946114512245e-05,8.445945945952601e-05,0.49840722800710985,8.445946106967034e-05,8.445946119393765e-05,8.445946054451204e-05,8.445946076969163e-05,8.445946049595326e-05,8.445946080226447e-05,0.43927087434018924
7,36.0,4.638219011774804e-05,4.638219029733397e-05,4.638218998489081e-05,4.6382189714183955e-05,4.638218992794725e-05,0.10388081799409844,4.6382189239372874e-05,4.638219017735862e-05,4.6382190039838105e-05,4.638219018015735e-05,4.638219021325513e-05,4.6382189239372874e-05,0.1691458327365594,4.638219035073901e-05,4.638219036819084e-05,0.009697727388412193,4.638219035329618e-05,4.6382190092837275e-05,4.6382190011444835e-05,0.716533506840622
7,37.0,0.00020080321580269746,0.00020080321801212967,0.9374163720795814,0.00020080321431555046,0.00020080321614230153,0.00020080321636587551,0.0002008032128514598,0.05896917003345639,0.00020080321566882885,0.00020080321627340272,0.0002008032169475607,0.0002008032128514598,0.00020080321688838222,0.00020080321612727197,0.00020080321762263453,0.00020080321459464633,0.000200803217230089,0.00020080321558800803,0.00020080321714134163,0.00020080321653872415
